008851b16aa04124b3a9195676604f35,0,http://www.wikidata.org/entity/Q7432
008851b16aa04124b3a9195676604f35,2,http://www.wikidata.org/entity/Q4022
008851b16aa04124b3a9195676604f35,7,"http://www.wikidata.org/entity/Q3186692,http://www.wikidata.org/entity/Q577"
008851b16aa04124b3a9195676604f35,8,"http://www.wikidata.org/entity/Q47018901,http://www.wikidata.org/entity/Q5151"
008851b16aa04124b3a9195676604f35,10,http://www.wikidata.org/entity/Q34027
008851b16aa04124b3a9195676604f35,11,http://www.wikidata.org/entity/Q36477
008851b16aa04124b3a9195676604f35,14,http://www.wikidata.org/entity/Q677
008851b16aa04124b3a9195676604f35,15,http://www.wikidata.org/entity/Q731
008851b16aa04124b3a9195676604f35,16,http://www.wikidata.org/entity/Q2454098
008851b16aa04124b3a9195676604f35,17,http://www.wikidata.org/entity/Q706
008851b16aa04124b3a9195676604f35,18,http://www.wikidata.org/entity/Q172290
008851b16aa04124b3a9195676604f35,19,http://www.wikidata.org/entity/Q182168
008851b16aa04124b3a9195676604f35,20,http://www.wikidata.org/entity/Q688
008851b16aa04124b3a9195676604f35,23,http://www.wikidata.org/entity/Q11466
008851b16aa04124b3a9195676604f35,25,http://www.wikidata.org/entity/Q34740
008851b16aa04124b3a9195676604f35,26,http://www.wikidata.org/entity/Q336019
008851b16aa04124b3a9195676604f35,28,http://www.wikidata.org/entity/Q11500
008851b16aa04124b3a9195676604f35,31,http://www.wikidata.org/entity/Q660
008851b16aa04124b3a9195676604f35,32,http://www.wikidata.org/entity/Q658
008851b16aa04124b3a9195676604f35,33,http://www.wikidata.org/entity/Q703
008851b16aa04124b3a9195676604f35,34,http://www.wikidata.org/entity/Q409202
008851b16aa04124b3a9195676604f35,35,http://www.wikidata.org/entity/Q1306
008851b16aa04124b3a9195676604f35,36,http://www.wikidata.org/entity/Q663
008851b16aa04124b3a9195676604f35,37,http://www.wikidata.org/entity/Q876
008851b16aa04124b3a9195676604f35,38,http://www.wikidata.org/entity/Q1091
008851b16aa04124b3a9195676604f35,39,http://www.wikidata.org/entity/Q706
097c576b688e46eca8583b1de1a84a59,0,http://www.wikidata.org/entity/Q7432
097c576b688e46eca8583b1de1a84a59,2,http://www.wikidata.org/entity/Q4022
097c576b688e46eca8583b1de1a84a59,7,"http://www.wikidata.org/entity/Q3186692,http://www.wikidata.org/entity/Q577"
097c576b688e46eca8583b1de1a84a59,8,"http://www.wikidata.org/entity/Q47018901,http://www.wikidata.org/entity/Q5151"
097c576b688e46eca8583b1de1a84a59,10,http://www.wikidata.org/entity/Q34027
097c576b688e46eca8583b1de1a84a59,11,http://www.wikidata.org/entity/Q36477
097c576b688e46eca8583b1de1a84a59,14,http://www.wikidata.org/entity/Q677
097c576b688e46eca8583b1de1a84a59,15,http://www.wikidata.org/entity/Q731
097c576b688e46eca8583b1de1a84a59,16,http://www.wikidata.org/entity/Q2454098
097c576b688e46eca8583b1de1a84a59,17,http://www.wikidata.org/entity/Q706
097c576b688e46eca8583b1de1a84a59,18,http://www.wikidata.org/entity/Q172290
097c576b688e46eca8583b1de1a84a59,19,http://www.wikidata.org/entity/Q182168
097c576b688e46eca8583b1de1a84a59,20,http://www.wikidata.org/entity/Q688
097c576b688e46eca8583b1de1a84a59,23,http://www.wikidata.org/entity/Q11466
097c576b688e46eca8583b1de1a84a59,25,http://www.wikidata.org/entity/Q34740
097c576b688e46eca8583b1de1a84a59,26,http://www.wikidata.org/entity/Q336019
097c576b688e46eca8583b1de1a84a59,28,http://www.wikidata.org/entity/Q11500
097c576b688e46eca8583b1de1a84a59,31,http://www.wikidata.org/entity/Q660
097c576b688e46eca8583b1de1a84a59,32,http://www.wikidata.org/entity/Q658
097c576b688e46eca8583b1de1a84a59,33,http://www.wikidata.org/entity/Q703
097c576b688e46eca8583b1de1a84a59,34,http://www.wikidata.org/entity/Q409202
097c576b688e46eca8583b1de1a84a59,35,http://www.wikidata.org/entity/Q1306
097c576b688e46eca8583b1de1a84a59,36,http://www.wikidata.org/entity/Q663
097c576b688e46eca8583b1de1a84a59,37,http://www.wikidata.org/entity/Q876
097c576b688e46eca8583b1de1a84a59,38,http://www.wikidata.org/entity/Q1091
097c576b688e46eca8583b1de1a84a59,39,http://www.wikidata.org/entity/Q706
0bc67e05a4d14011a2cf3fca2f869495,1,"http://www.wikidata.org/entity/Q19858692,http://www.wikidata.org/entity/Q36732,http://www.wikidata.org/entity/Q146481"
0bc67e05a4d14011a2cf3fca2f869495,2,http://www.wikidata.org/entity/Q36732
0bc67e05a4d14011a2cf3fca2f869495,3,http://www.wikidata.org/entity/Q38348
0bc67e05a4d14011a2cf3fca2f869495,4,http://www.wikidata.org/entity/Q37517
0bc67e05a4d14011a2cf3fca2f869495,5,http://www.wikidata.org/entity/Q36602
0bc67e05a4d14011a2cf3fca2f869495,6,http://www.wikidata.org/entity/Q35409
0bc67e05a4d14011a2cf3fca2f869495,7,http://www.wikidata.org/entity/Q34740
0bc67e05a4d14011a2cf3fca2f869495,8,http://www.wikidata.org/entity/Q7432
0bc67e05a4d14011a2cf3fca2f869495,9,http://www.wikidata.org/entity/Q855769
0bc67e05a4d14011a2cf3fca2f869495,10,http://www.wikidata.org/entity/Q424689
0bc67e05a4d14011a2cf3fca2f869495,11,http://www.wikidata.org/entity/Q145911
0be7652b187b45f5b111d51905c3c25b,1,http://www.wikidata.org/entity/Q5
0be7652b187b45f5b111d51905c3c25b,2,http://www.wikidata.org/entity/Q7432
0be7652b187b45f5b111d51905c3c25b,3,"http://www.wikidata.org/entity/Q3186692,http://www.wikidata.org/entity/Q577"
0be7652b187b45f5b111d51905c3c25b,13,http://www.wikidata.org/entity/Q407426
0be7652b187b45f5b111d51905c3c25b,16,http://www.wikidata.org/entity/Q627
0be7652b187b45f5b111d51905c3c25b,17,http://www.wikidata.org/entity/Q623
0be7652b187b45f5b111d51905c3c25b,19,http://www.wikidata.org/entity/Q703
0be7652b187b45f5b111d51905c3c25b,20,http://www.wikidata.org/entity/Q660
0be7652b187b45f5b111d51905c3c25b,21,http://www.wikidata.org/entity/Q706
0be7652b187b45f5b111d51905c3c25b,22,http://www.wikidata.org/entity/Q663
0be7652b187b45f5b111d51905c3c25b,23,http://www.wikidata.org/entity/Q18248103
0be7652b187b45f5b111d51905c3c25b,24,http://www.wikidata.org/entity/Q677
0be7652b187b45f5b111d51905c3c25b,25,http://www.wikidata.org/entity/Q1033359
0be7652b187b45f5b111d51905c3c25b,27,http://www.wikidata.org/entity/Q731
0be7652b187b45f5b111d51905c3c25b,28,http://www.wikidata.org/entity/Q658
0be7652b187b45f5b111d51905c3c25b,29,http://www.wikidata.org/entity/Q674
0be7652b187b45f5b111d51905c3c25b,31,http://www.wikidata.org/entity/Q758
0be7652b187b45f5b111d51905c3c25b,32,http://www.wikidata.org/entity/Q740
0be7652b187b45f5b111d51905c3c25b,33,http://www.wikidata.org/entity/Q753
0be7652b187b45f5b111d51905c3c25b,34,http://www.wikidata.org/entity/Q708
0be7652b187b45f5b111d51905c3c25b,35,http://www.wikidata.org/entity/Q938
0be7652b187b45f5b111d51905c3c25b,36,http://www.wikidata.org/entity/Q725
0be7652b187b45f5b111d51905c3c25b,37,http://www.wikidata.org/entity/Q744
0be7652b187b45f5b111d51905c3c25b,38,http://www.wikidata.org/entity/Q29539
0be7652b187b45f5b111d51905c3c25b,39,http://www.wikidata.org/entity/Q36253
0be7652b187b45f5b111d51905c3c25b,40,http://www.wikidata.org/entity/Q35059
0be7652b187b45f5b111d51905c3c25b,41,http://www.wikidata.org/entity/Q407142
0be7652b187b45f5b111d51905c3c25b,42,http://www.wikidata.org/entity/Q187607
0dc3add04e344228bb140d5392399521,1,http://www.wikidata.org/entity/Q5
0dc3add04e344228bb140d5392399521,2,http://www.wikidata.org/entity/Q7432
0dc3add04e344228bb140d5392399521,3,"http://www.wikidata.org/entity/Q3186692,http://www.wikidata.org/entity/Q577"
0dc3add04e344228bb140d5392399521,13,http://www.wikidata.org/entity/Q407426
0dc3add04e344228bb140d5392399521,16,http://www.wikidata.org/entity/Q627
0dc3add04e344228bb140d5392399521,17,http://www.wikidata.org/entity/Q623
0dc3add04e344228bb140d5392399521,19,http://www.wikidata.org/entity/Q703
0dc3add04e344228bb140d5392399521,20,http://www.wikidata.org/entity/Q660
0dc3add04e344228bb140d5392399521,21,http://www.wikidata.org/entity/Q706
0dc3add04e344228bb140d5392399521,22,http://www.wikidata.org/entity/Q663
0dc3add04e344228bb140d5392399521,23,http://www.wikidata.org/entity/Q18248103
0dc3add04e344228bb140d5392399521,24,http://www.wikidata.org/entity/Q677
0dc3add04e344228bb140d5392399521,25,http://www.wikidata.org/entity/Q1033359
0dc3add04e344228bb140d5392399521,27,http://www.wikidata.org/entity/Q731
0dc3add04e344228bb140d5392399521,28,http://www.wikidata.org/entity/Q658
0dc3add04e344228bb140d5392399521,29,http://www.wikidata.org/entity/Q674
0dc3add04e344228bb140d5392399521,31,http://www.wikidata.org/entity/Q758
0dc3add04e344228bb140d5392399521,32,http://www.wikidata.org/entity/Q740
0dc3add04e344228bb140d5392399521,33,http://www.wikidata.org/entity/Q753
0dc3add04e344228bb140d5392399521,34,http://www.wikidata.org/entity/Q708
0dc3add04e344228bb140d5392399521,35,http://www.wikidata.org/entity/Q938
0dc3add04e344228bb140d5392399521,36,http://www.wikidata.org/entity/Q725
0dc3add04e344228bb140d5392399521,37,http://www.wikidata.org/entity/Q744
0dc3add04e344228bb140d5392399521,38,http://www.wikidata.org/entity/Q29539
0dc3add04e344228bb140d5392399521,39,http://www.wikidata.org/entity/Q36253
0dc3add04e344228bb140d5392399521,40,http://www.wikidata.org/entity/Q35059
0dc3add04e344228bb140d5392399521,41,http://www.wikidata.org/entity/Q407142
0dc3add04e344228bb140d5392399521,42,http://www.wikidata.org/entity/Q187607
0ffeda696bba402284a382ab877bb9e7,0,http://www.wikidata.org/entity/Q7432
0ffeda696bba402284a382ab877bb9e7,2,http://www.wikidata.org/entity/Q4022
0ffeda696bba402284a382ab877bb9e7,7,"http://www.wikidata.org/entity/Q3186692,http://www.wikidata.org/entity/Q577"
0ffeda696bba402284a382ab877bb9e7,8,"http://www.wikidata.org/entity/Q47018901,http://www.wikidata.org/entity/Q5151"
0ffeda696bba402284a382ab877bb9e7,10,http://www.wikidata.org/entity/Q34027
0ffeda696bba402284a382ab877bb9e7,11,http://www.wikidata.org/entity/Q36477
0ffeda696bba402284a382ab877bb9e7,14,http://www.wikidata.org/entity/Q677
0ffeda696bba402284a382ab877bb9e7,15,http://www.wikidata.org/entity/Q731
0ffeda696bba402284a382ab877bb9e7,16,http://www.wikidata.org/entity/Q2454098
0ffeda696bba402284a382ab877bb9e7,17,http://www.wikidata.org/entity/Q706
0ffeda696bba402284a382ab877bb9e7,18,http://www.wikidata.org/entity/Q172290
0ffeda696bba402284a382ab877bb9e7,19,http://www.wikidata.org/entity/Q182168
0ffeda696bba402284a382ab877bb9e7,20,http://www.wikidata.org/entity/Q688
0ffeda696bba402284a382ab877bb9e7,23,http://www.wikidata.org/entity/Q11466
0ffeda696bba402284a382ab877bb9e7,25,http://www.wikidata.org/entity/Q34740
0ffeda696bba402284a382ab877bb9e7,26,http://www.wikidata.org/entity/Q336019
0ffeda696bba402284a382ab877bb9e7,28,http://www.wikidata.org/entity/Q11500
0ffeda696bba402284a382ab877bb9e7,31,http://www.wikidata.org/entity/Q660
0ffeda696bba402284a382ab877bb9e7,32,http://www.wikidata.org/entity/Q658
0ffeda696bba402284a382ab877bb9e7,33,http://www.wikidata.org/entity/Q703
0ffeda696bba402284a382ab877bb9e7,34,http://www.wikidata.org/entity/Q409202
0ffeda696bba402284a382ab877bb9e7,35,http://www.wikidata.org/entity/Q1306
0ffeda696bba402284a382ab877bb9e7,36,http://www.wikidata.org/entity/Q663
0ffeda696bba402284a382ab877bb9e7,37,http://www.wikidata.org/entity/Q876
0ffeda696bba402284a382ab877bb9e7,38,http://www.wikidata.org/entity/Q1091
0ffeda696bba402284a382ab877bb9e7,39,http://www.wikidata.org/entity/Q706
1104b09c7f1f434a89a30a977b052c53,1,http://www.wikidata.org/entity/Q178706
1104b09c7f1f434a89a30a977b052c53,2,http://www.wikidata.org/entity/Q7432
1104b09c7f1f434a89a30a977b052c53,3,"http://www.wikidata.org/entity/Q3186692,http://www.wikidata.org/entity/Q577"
1104b09c7f1f434a89a30a977b052c53,13,http://www.wikidata.org/entity/Q407426
1104b09c7f1f434a89a30a977b052c53,16,http://www.wikidata.org/entity/Q627
1104b09c7f1f434a89a30a977b052c53,17,http://www.wikidata.org/entity/Q623
1104b09c7f1f434a89a30a977b052c53,19,http://www.wikidata.org/entity/Q703
1104b09c7f1f434a89a30a977b052c53,20,http://www.wikidata.org/entity/Q660
1104b09c7f1f434a89a30a977b052c53,21,http://www.wikidata.org/entity/Q706
1104b09c7f1f434a89a30a977b052c53,22,http://www.wikidata.org/entity/Q663
1104b09c7f1f434a89a30a977b052c53,23,http://www.wikidata.org/entity/Q18248103
1104b09c7f1f434a89a30a977b052c53,24,http://www.wikidata.org/entity/Q677
1104b09c7f1f434a89a30a977b052c53,25,http://www.wikidata.org/entity/Q1033359
1104b09c7f1f434a89a30a977b052c53,27,http://www.wikidata.org/entity/Q731
1104b09c7f1f434a89a30a977b052c53,28,http://www.wikidata.org/entity/Q658
1104b09c7f1f434a89a30a977b052c53,29,http://www.wikidata.org/entity/Q674
1104b09c7f1f434a89a30a977b052c53,31,http://www.wikidata.org/entity/Q758
1104b09c7f1f434a89a30a977b052c53,32,http://www.wikidata.org/entity/Q740
1104b09c7f1f434a89a30a977b052c53,33,http://www.wikidata.org/entity/Q753
1104b09c7f1f434a89a30a977b052c53,34,http://www.wikidata.org/entity/Q708
1104b09c7f1f434a89a30a977b052c53,35,http://www.wikidata.org/entity/Q938
1104b09c7f1f434a89a30a977b052c53,36,http://www.wikidata.org/entity/Q725
1104b09c7f1f434a89a30a977b052c53,37,http://www.wikidata.org/entity/Q744
1104b09c7f1f434a89a30a977b052c53,38,http://www.wikidata.org/entity/Q29539
1104b09c7f1f434a89a30a977b052c53,39,http://www.wikidata.org/entity/Q36253
1104b09c7f1f434a89a30a977b052c53,40,http://www.wikidata.org/entity/Q35059
1104b09c7f1f434a89a30a977b052c53,41,http://www.wikidata.org/entity/Q407142
1104b09c7f1f434a89a30a977b052c53,42,http://www.wikidata.org/entity/Q187607
11a0fb6a86ba4fef9dbb904fa851066b,1,http://www.wikidata.org/entity/Q37517
18389aef970147c4982d160c7a2d42f9,7,"http://www.wikidata.org/entity/Q39201,http://www.wikidata.org/entity/Q57814795"
18389aef970147c4982d160c7a2d42f9,8,"http://www.wikidata.org/entity/Q48264,http://www.wikidata.org/entity/Q4369513"
18389aef970147c4982d160c7a2d42f9,10,http://www.wikidata.org/entity/Q38829
18389aef970147c4982d160c7a2d42f9,11,http://www.wikidata.org/entity/Q1075
18389aef970147c4982d160c7a2d42f9,4,http://www.wikidata.org/entity/Q2389905
1d09a099d3964602aca9425adcde89cd,1,"http://www.wikidata.org/entity/Q19858692,http://www.wikidata.org/entity/Q36732,http://www.wikidata.org/entity/Q146481"
1d09a099d3964602aca9425adcde89cd,2,http://www.wikidata.org/entity/Q36732
1d09a099d3964602aca9425adcde89cd,3,http://www.wikidata.org/entity/Q38348
1d09a099d3964602aca9425adcde89cd,4,http://www.wikidata.org/entity/Q37517
1d09a099d3964602aca9425adcde89cd,5,http://www.wikidata.org/entity/Q36602
1d09a099d3964602aca9425adcde89cd,6,http://www.wikidata.org/entity/Q35409
1d09a099d3964602aca9425adcde89cd,7,http://www.wikidata.org/entity/Q34740
1d09a099d3964602aca9425adcde89cd,8,http://www.wikidata.org/entity/Q7432
1d09a099d3964602aca9425adcde89cd,9,http://www.wikidata.org/entity/Q855769
1d09a099d3964602aca9425adcde89cd,10,http://www.wikidata.org/entity/Q424689
1d09a099d3964602aca9425adcde89cd,11,http://www.wikidata.org/entity/Q145911
217d8c0c33a74bb28a55efffcb047885,7,"http://www.wikidata.org/entity/Q39201,http://www.wikidata.org/entity/Q57814795"
217d8c0c33a74bb28a55efffcb047885,8,"http://www.wikidata.org/entity/Q48264,http://www.wikidata.org/entity/Q4369513"
217d8c0c33a74bb28a55efffcb047885,10,http://www.wikidata.org/entity/Q38829
217d8c0c33a74bb28a55efffcb047885,11,http://www.wikidata.org/entity/Q1075
217d8c0c33a74bb28a55efffcb047885,4,http://www.wikidata.org/entity/Q2389905
23ec62734eee41768969b817069b4011,7,"http://www.wikidata.org/entity/Q39201,http://www.wikidata.org/entity/Q57814795"
23ec62734eee41768969b817069b4011,8,"http://www.wikidata.org/entity/Q48264,http://www.wikidata.org/entity/Q4369513"
23ec62734eee41768969b817069b4011,10,http://www.wikidata.org/entity/Q38829
23ec62734eee41768969b817069b4011,11,http://www.wikidata.org/entity/Q1075
23ec62734eee41768969b817069b4011,4,http://www.wikidata.org/entity/Q2389905
2504d3d1356b4e0b85f10170bdbaeaf1,1,http://www.wikidata.org/entity/Q22676022
2504d3d1356b4e0b85f10170bdbaeaf1,2,http://www.wikidata.org/entity/Q1248784
2504d3d1356b4e0b85f10170bdbaeaf1,3,http://www.wikidata.org/entity/Q190200
2504d3d1356b4e0b85f10170bdbaeaf1,4,http://www.wikidata.org/entity/Q15056993
2504d3d1356b4e0b85f10170bdbaeaf1,11,http://www.wikidata.org/entity/Q46970
2504d3d1356b4e0b85f10170bdbaeaf1,12,http://www.wikidata.org/entity/Q35657
2504d3d1356b4e0b85f10170bdbaeaf1,20,http://www.wikidata.org/entity/Q7432
2504d3d1356b4e0b85f10170bdbaeaf1,22,http://www.wikidata.org/entity/Q240673
34169c088ee848e4866f42e87b4ccbc2,4,"http://www.wikidata.org/entity/Q47018901,http://www.wikidata.org/entity/Q5151"
34169c088ee848e4866f42e87b4ccbc2,5,http://www.wikidata.org/entity/Q7432
34169c088ee848e4866f42e87b4ccbc2,6,http://www.wikidata.org/entity/Q29539
39a2d36769294a0a846cc209c45234e4,4,"http://www.wikidata.org/entity/Q47018901,http://www.wikidata.org/entity/Q5151"
39a2d36769294a0a846cc209c45234e4,5,http://www.wikidata.org/entity/Q7432
39a2d36769294a0a846cc209c45234e4,6,http://www.wikidata.org/entity/Q29539
41952d192bb044e5bf2172e3e38612f9,0,http://www.wikidata.org/entity/Q7432
41952d192bb044e5bf2172e3e38612f9,2,http://www.wikidata.org/entity/Q4022
41952d192bb044e5bf2172e3e38612f9,7,"http://www.wikidata.org/entity/Q3186692,http://www.wikidata.org/entity/Q577"
41952d192bb044e5bf2172e3e38612f9,8,"http://www.wikidata.org/entity/Q47018901,http://www.wikidata.org/entity/Q5151"
41952d192bb044e5bf2172e3e38612f9,10,http://www.wikidata.org/entity/Q34027
41952d192bb044e5bf2172e3e38612f9,11,http://www.wikidata.org/entity/Q36477
41952d192bb044e5bf2172e3e38612f9,14,http://www.wikidata.org/entity/Q677
41952d192bb044e5bf2172e3e38612f9,15,http://www.wikidata.org/entity/Q731
41952d192bb044e5bf2172e3e38612f9,16,http://www.wikidata.org/entity/Q2454098
41952d192bb044e5bf2172e3e38612f9,17,http://www.wikidata.org/entity/Q706
41952d192bb044e5bf2172e3e38612f9,18,http://www.wikidata.org/entity/Q172290
41952d192bb044e5bf2172e3e38612f9,19,http://www.wikidata.org/entity/Q182168
41952d192bb044e5bf2172e3e38612f9,20,http://www.wikidata.org/entity/Q688
41952d192bb044e5bf2172e3e38612f9,23,http://www.wikidata.org/entity/Q11466
41952d192bb044e5bf2172e3e38612f9,25,http://www.wikidata.org/entity/Q34740
41952d192bb044e5bf2172e3e38612f9,26,http://www.wikidata.org/entity/Q336019
41952d192bb044e5bf2172e3e38612f9,28,http://www.wikidata.org/entity/Q11500
41952d192bb044e5bf2172e3e38612f9,31,http://www.wikidata.org/entity/Q660
41952d192bb044e5bf2172e3e38612f9,32,http://www.wikidata.org/entity/Q658
41952d192bb044e5bf2172e3e38612f9,33,http://www.wikidata.org/entity/Q703
41952d192bb044e5bf2172e3e38612f9,34,http://www.wikidata.org/entity/Q409202
41952d192bb044e5bf2172e3e38612f9,35,http://www.wikidata.org/entity/Q1306
41952d192bb044e5bf2172e3e38612f9,36,http://www.wikidata.org/entity/Q663
41952d192bb044e5bf2172e3e38612f9,37,http://www.wikidata.org/entity/Q876
41952d192bb044e5bf2172e3e38612f9,38,http://www.wikidata.org/entity/Q1091
41952d192bb044e5bf2172e3e38612f9,39,http://www.wikidata.org/entity/Q706
56adc7a597b74e38905801fd6edc0f5c,1,http://www.wikidata.org/entity/Q22676022
56adc7a597b74e38905801fd6edc0f5c,2,http://www.wikidata.org/entity/Q1248784
56adc7a597b74e38905801fd6edc0f5c,3,http://www.wikidata.org/entity/Q190200
56adc7a597b74e38905801fd6edc0f5c,4,http://www.wikidata.org/entity/Q15056993
56adc7a597b74e38905801fd6edc0f5c,11,http://www.wikidata.org/entity/Q46970
56adc7a597b74e38905801fd6edc0f5c,12,http://www.wikidata.org/entity/Q35657
56adc7a597b74e38905801fd6edc0f5c,20,http://www.wikidata.org/entity/Q7432
56adc7a597b74e38905801fd6edc0f5c,22,http://www.wikidata.org/entity/Q240673
56e8b332212349f7b1e5c33a5b8fb0a9,0,http://www.wikidata.org/entity/Q7432
56e8b332212349f7b1e5c33a5b8fb0a9,6,"http://www.wikidata.org/entity/Q3186692,http://www.wikidata.org/entity/Q577"
56e8b332212349f7b1e5c33a5b8fb0a9,4,http://www.wikidata.org/entity/Q36477
56e8b332212349f7b1e5c33a5b8fb0a9,5,http://www.wikidata.org/entity/Q34027
56e8b332212349f7b1e5c33a5b8fb0a9,8,http://www.wikidata.org/entity/Q17146659
56e8b332212349f7b1e5c33a5b8fb0a9,9,http://www.wikidata.org/entity/Q336019
5a71350927ed44ca979498a5b7719a68,0,http://www.wikidata.org/entity/Q7432
5a71350927ed44ca979498a5b7719a68,1,http://www.wikidata.org/entity/Q37517
5a71350927ed44ca979498a5b7719a68,2,http://www.wikidata.org/entity/Q70443487
5a71350927ed44ca979498a5b7719a68,4,http://www.wikidata.org/entity/Q208498
5f50cabcafd1482e98d9dc446d735f5e,1,http://www.wikidata.org/entity/Q7432
5f50cabcafd1482e98d9dc446d735f5e,2,http://www.wikidata.org/entity/Q37517
5f50cabcafd1482e98d9dc446d735f5e,3,http://www.wikidata.org/entity/Q70443487
5f50cabcafd1482e98d9dc446d735f5e,5,http://www.wikidata.org/entity/Q208498
60163f2ce4f14bc3a257ab8ea56c6126,0,http://www.wikidata.org/entity/Q7432
60163f2ce4f14bc3a257ab8ea56c6126,2,http://www.wikidata.org/entity/Q4022
60163f2ce4f14bc3a257ab8ea56c6126,7,"http://www.wikidata.org/entity/Q3186692,http://www.wikidata.org/entity/Q577"
60163f2ce4f14bc3a257ab8ea56c6126,8,"http://www.wikidata.org/entity/Q47018901,http://www.wikidata.org/entity/Q5151"
60163f2ce4f14bc3a257ab8ea56c6126,10,http://www.wikidata.org/entity/Q34027
60163f2ce4f14bc3a257ab8ea56c6126,11,http://www.wikidata.org/entity/Q36477
60163f2ce4f14bc3a257ab8ea56c6126,14,http://www.wikidata.org/entity/Q677
60163f2ce4f14bc3a257ab8ea56c6126,15,http://www.wikidata.org/entity/Q731
60163f2ce4f14bc3a257ab8ea56c6126,16,http://www.wikidata.org/entity/Q2454098
60163f2ce4f14bc3a257ab8ea56c6126,17,http://www.wikidata.org/entity/Q706
60163f2ce4f14bc3a257ab8ea56c6126,18,http://www.wikidata.org/entity/Q172290
60163f2ce4f14bc3a257ab8ea56c6126,19,http://www.wikidata.org/entity/Q182168
60163f2ce4f14bc3a257ab8ea56c6126,20,http://www.wikidata.org/entity/Q688
60163f2ce4f14bc3a257ab8ea56c6126,23,http://www.wikidata.org/entity/Q11466
60163f2ce4f14bc3a257ab8ea56c6126,25,http://www.wikidata.org/entity/Q34740
60163f2ce4f14bc3a257ab8ea56c6126,26,http://www.wikidata.org/entity/Q336019
60163f2ce4f14bc3a257ab8ea56c6126,28,http://www.wikidata.org/entity/Q11500
60163f2ce4f14bc3a257ab8ea56c6126,31,http://www.wikidata.org/entity/Q660
60163f2ce4f14bc3a257ab8ea56c6126,32,http://www.wikidata.org/entity/Q658
60163f2ce4f14bc3a257ab8ea56c6126,33,http://www.wikidata.org/entity/Q703
60163f2ce4f14bc3a257ab8ea56c6126,34,http://www.wikidata.org/entity/Q409202
60163f2ce4f14bc3a257ab8ea56c6126,35,http://www.wikidata.org/entity/Q1306
60163f2ce4f14bc3a257ab8ea56c6126,36,http://www.wikidata.org/entity/Q663
60163f2ce4f14bc3a257ab8ea56c6126,37,http://www.wikidata.org/entity/Q876
60163f2ce4f14bc3a257ab8ea56c6126,38,http://www.wikidata.org/entity/Q1091
60163f2ce4f14bc3a257ab8ea56c6126,39,http://www.wikidata.org/entity/Q706
74fc7b22dac0461a8a522480483bae4a,1,http://www.wikidata.org/entity/Q5
74fc7b22dac0461a8a522480483bae4a,2,http://www.wikidata.org/entity/Q7432
74fc7b22dac0461a8a522480483bae4a,3,"http://www.wikidata.org/entity/Q3186692,http://www.wikidata.org/entity/Q577"
74fc7b22dac0461a8a522480483bae4a,13,http://www.wikidata.org/entity/Q407426
74fc7b22dac0461a8a522480483bae4a,16,http://www.wikidata.org/entity/Q627
74fc7b22dac0461a8a522480483bae4a,17,http://www.wikidata.org/entity/Q623
74fc7b22dac0461a8a522480483bae4a,19,http://www.wikidata.org/entity/Q703
74fc7b22dac0461a8a522480483bae4a,20,http://www.wikidata.org/entity/Q660
74fc7b22dac0461a8a522480483bae4a,21,http://www.wikidata.org/entity/Q706
74fc7b22dac0461a8a522480483bae4a,22,http://www.wikidata.org/entity/Q663
74fc7b22dac0461a8a522480483bae4a,23,http://www.wikidata.org/entity/Q18248103
74fc7b22dac0461a8a522480483bae4a,24,http://www.wikidata.org/entity/Q677
74fc7b22dac0461a8a522480483bae4a,25,http://www.wikidata.org/entity/Q1033359
74fc7b22dac0461a8a522480483bae4a,27,http://www.wikidata.org/entity/Q731
74fc7b22dac0461a8a522480483bae4a,28,http://www.wikidata.org/entity/Q658
74fc7b22dac0461a8a522480483bae4a,29,http://www.wikidata.org/entity/Q674
74fc7b22dac0461a8a522480483bae4a,31,http://www.wikidata.org/entity/Q758
74fc7b22dac0461a8a522480483bae4a,32,http://www.wikidata.org/entity/Q740
74fc7b22dac0461a8a522480483bae4a,33,http://www.wikidata.org/entity/Q753
74fc7b22dac0461a8a522480483bae4a,34,http://www.wikidata.org/entity/Q708
74fc7b22dac0461a8a522480483bae4a,35,http://www.wikidata.org/entity/Q938
74fc7b22dac0461a8a522480483bae4a,36,http://www.wikidata.org/entity/Q725
74fc7b22dac0461a8a522480483bae4a,37,http://www.wikidata.org/entity/Q744
74fc7b22dac0461a8a522480483bae4a,38,http://www.wikidata.org/entity/Q29539
74fc7b22dac0461a8a522480483bae4a,39,http://www.wikidata.org/entity/Q36253
74fc7b22dac0461a8a522480483bae4a,40,http://www.wikidata.org/entity/Q35059
74fc7b22dac0461a8a522480483bae4a,41,http://www.wikidata.org/entity/Q407142
74fc7b22dac0461a8a522480483bae4a,42,http://www.wikidata.org/entity/Q187607
8249f8533f764f6dbd195a872c18fd6d,0,http://www.wikidata.org/entity/Q7432
8249f8533f764f6dbd195a872c18fd6d,2,http://www.wikidata.org/entity/Q4022
8249f8533f764f6dbd195a872c18fd6d,7,"http://www.wikidata.org/entity/Q3186692,http://www.wikidata.org/entity/Q577"
8249f8533f764f6dbd195a872c18fd6d,8,"http://www.wikidata.org/entity/Q47018901,http://www.wikidata.org/entity/Q5151"
8249f8533f764f6dbd195a872c18fd6d,10,http://www.wikidata.org/entity/Q34027
8249f8533f764f6dbd195a872c18fd6d,11,http://www.wikidata.org/entity/Q36477
8249f8533f764f6dbd195a872c18fd6d,14,http://www.wikidata.org/entity/Q677
8249f8533f764f6dbd195a872c18fd6d,15,http://www.wikidata.org/entity/Q731
8249f8533f764f6dbd195a872c18fd6d,16,http://www.wikidata.org/entity/Q2454098
8249f8533f764f6dbd195a872c18fd6d,17,http://www.wikidata.org/entity/Q706
8249f8533f764f6dbd195a872c18fd6d,18,http://www.wikidata.org/entity/Q172290
8249f8533f764f6dbd195a872c18fd6d,19,http://www.wikidata.org/entity/Q182168
8249f8533f764f6dbd195a872c18fd6d,20,http://www.wikidata.org/entity/Q688
8249f8533f764f6dbd195a872c18fd6d,23,http://www.wikidata.org/entity/Q11466
8249f8533f764f6dbd195a872c18fd6d,25,http://www.wikidata.org/entity/Q34740
8249f8533f764f6dbd195a872c18fd6d,26,http://www.wikidata.org/entity/Q336019
8249f8533f764f6dbd195a872c18fd6d,28,http://www.wikidata.org/entity/Q11500
8249f8533f764f6dbd195a872c18fd6d,31,http://www.wikidata.org/entity/Q660
8249f8533f764f6dbd195a872c18fd6d,32,http://www.wikidata.org/entity/Q658
8249f8533f764f6dbd195a872c18fd6d,33,http://www.wikidata.org/entity/Q703
8249f8533f764f6dbd195a872c18fd6d,34,http://www.wikidata.org/entity/Q409202
8249f8533f764f6dbd195a872c18fd6d,35,http://www.wikidata.org/entity/Q1306
8249f8533f764f6dbd195a872c18fd6d,36,http://www.wikidata.org/entity/Q663
8249f8533f764f6dbd195a872c18fd6d,37,http://www.wikidata.org/entity/Q876
8249f8533f764f6dbd195a872c18fd6d,38,http://www.wikidata.org/entity/Q1091
8249f8533f764f6dbd195a872c18fd6d,39,http://www.wikidata.org/entity/Q706
89e72a749d764c1aacd9284e01c412a4,4,"http://www.wikidata.org/entity/Q3186692,http://www.wikidata.org/entity/Q577"
89e72a749d764c1aacd9284e01c412a4,5,http://www.wikidata.org/entity/Q7432
89e72a749d764c1aacd9284e01c412a4,6,http://www.wikidata.org/entity/Q29539
9136f9e37ec94669a82e28df799553bf,4,http://www.wikidata.org/entity/Q10926413
9136f9e37ec94669a82e28df799553bf,2,http://www.wikidata.org/entity/Q36477
9136f9e37ec94669a82e28df799553bf,3,http://www.wikidata.org/entity/Q34027
9136f9e37ec94669a82e28df799553bf,5,http://www.wikidata.org/entity/Q14874297
9136f9e37ec94669a82e28df799553bf,6,http://www.wikidata.org/entity/Q143263
9136f9e37ec94669a82e28df799553bf,8,http://www.wikidata.org/entity/Q889769
9136f9e37ec94669a82e28df799553bf,10,http://www.wikidata.org/entity/Q40936
9136f9e37ec94669a82e28df799553bf,11,http://www.wikidata.org/entity/Q2945560
9136f9e37ec94669a82e28df799553bf,12,http://www.wikidata.org/entity/Q80294
9b73e5e8f3894884bddaf5ca6997d99c,4,http://www.wikidata.org/entity/Q10926413
9b73e5e8f3894884bddaf5ca6997d99c,2,http://www.wikidata.org/entity/Q36477
9b73e5e8f3894884bddaf5ca6997d99c,3,http://www.wikidata.org/entity/Q34027
9b73e5e8f3894884bddaf5ca6997d99c,5,http://www.wikidata.org/entity/Q14874297
9b73e5e8f3894884bddaf5ca6997d99c,6,http://www.wikidata.org/entity/Q143263
9b73e5e8f3894884bddaf5ca6997d99c,8,http://www.wikidata.org/entity/Q889769
9b73e5e8f3894884bddaf5ca6997d99c,10,http://www.wikidata.org/entity/Q40936
9b73e5e8f3894884bddaf5ca6997d99c,11,http://www.wikidata.org/entity/Q2945560
9b73e5e8f3894884bddaf5ca6997d99c,12,http://www.wikidata.org/entity/Q80294
a0d91ffa40534e3b8fd488e6f4a38d1b,7,"http://www.wikidata.org/entity/Q39201,http://www.wikidata.org/entity/Q57814795"
a0d91ffa40534e3b8fd488e6f4a38d1b,8,"http://www.wikidata.org/entity/Q48264,http://www.wikidata.org/entity/Q4369513"
a0d91ffa40534e3b8fd488e6f4a38d1b,10,http://www.wikidata.org/entity/Q38829
a0d91ffa40534e3b8fd488e6f4a38d1b,11,http://www.wikidata.org/entity/Q1075
a0d91ffa40534e3b8fd488e6f4a38d1b,4,http://www.wikidata.org/entity/Q2389905
a407fa84d55d4072945ac61346150d03,3,"http://www.wikidata.org/entity/Q158454,http://www.wikidata.org/entity/Q61453609,http://www.wikidata.org/entity/Q2463705"
a407fa84d55d4072945ac61346150d03,5,http://www.wikidata.org/entity/Q7432
a407fa84d55d4072945ac61346150d03,6,"http://www.wikidata.org/entity/Q8066,http://www.wikidata.org/entity/Q11173"
a9d3d5c71a1648d3ae693997b0971e83,0,http://www.wikidata.org/entity/Q7432
b02af14b8cf34c43bac84325d6f1e912,1,http://www.wikidata.org/entity/Q11344
b02af14b8cf34c43bac84325d6f1e912,3,http://www.wikidata.org/entity/Q30301666
b02af14b8cf34c43bac84325d6f1e912,5,http://www.wikidata.org/entity/Q10858537
b02af14b8cf34c43bac84325d6f1e912,6,http://www.wikidata.org/entity/Q10858537
b0edc48006d5454dae3ca3e41f33e280,1,http://www.wikidata.org/entity/Q22676022
b0edc48006d5454dae3ca3e41f33e280,2,http://www.wikidata.org/entity/Q1248784
b0edc48006d5454dae3ca3e41f33e280,3,http://www.wikidata.org/entity/Q190200
b0edc48006d5454dae3ca3e41f33e280,4,http://www.wikidata.org/entity/Q15056993
b0edc48006d5454dae3ca3e41f33e280,11,http://www.wikidata.org/entity/Q46970
b0edc48006d5454dae3ca3e41f33e280,12,http://www.wikidata.org/entity/Q35657
b0edc48006d5454dae3ca3e41f33e280,20,http://www.wikidata.org/entity/Q7432
b0edc48006d5454dae3ca3e41f33e280,22,http://www.wikidata.org/entity/Q240673
b4f794ef33814848af1a75989a554370,0,http://www.wikidata.org/entity/Q7432
b4f794ef33814848af1a75989a554370,2,http://www.wikidata.org/entity/Q4022
b4f794ef33814848af1a75989a554370,7,"http://www.wikidata.org/entity/Q3186692,http://www.wikidata.org/entity/Q577"
b4f794ef33814848af1a75989a554370,8,"http://www.wikidata.org/entity/Q47018901,http://www.wikidata.org/entity/Q5151"
b4f794ef33814848af1a75989a554370,10,http://www.wikidata.org/entity/Q34027
b4f794ef33814848af1a75989a554370,11,http://www.wikidata.org/entity/Q36477
b4f794ef33814848af1a75989a554370,14,http://www.wikidata.org/entity/Q677
b4f794ef33814848af1a75989a554370,15,http://www.wikidata.org/entity/Q731
b4f794ef33814848af1a75989a554370,16,http://www.wikidata.org/entity/Q2454098
b4f794ef33814848af1a75989a554370,17,http://www.wikidata.org/entity/Q706
b4f794ef33814848af1a75989a554370,18,http://www.wikidata.org/entity/Q172290
b4f794ef33814848af1a75989a554370,19,http://www.wikidata.org/entity/Q182168
b4f794ef33814848af1a75989a554370,20,http://www.wikidata.org/entity/Q688
b4f794ef33814848af1a75989a554370,23,http://www.wikidata.org/entity/Q11466
b4f794ef33814848af1a75989a554370,25,http://www.wikidata.org/entity/Q34740
b4f794ef33814848af1a75989a554370,26,http://www.wikidata.org/entity/Q336019
b4f794ef33814848af1a75989a554370,28,http://www.wikidata.org/entity/Q11500
b4f794ef33814848af1a75989a554370,31,http://www.wikidata.org/entity/Q660
b4f794ef33814848af1a75989a554370,32,http://www.wikidata.org/entity/Q658
b4f794ef33814848af1a75989a554370,33,http://www.wikidata.org/entity/Q703
b4f794ef33814848af1a75989a554370,34,http://www.wikidata.org/entity/Q409202
b4f794ef33814848af1a75989a554370,35,http://www.wikidata.org/entity/Q1306
b4f794ef33814848af1a75989a554370,36,http://www.wikidata.org/entity/Q663
b4f794ef33814848af1a75989a554370,37,http://www.wikidata.org/entity/Q876
b4f794ef33814848af1a75989a554370,38,http://www.wikidata.org/entity/Q1091
b4f794ef33814848af1a75989a554370,39,http://www.wikidata.org/entity/Q706
b785d9ed72b347ae9cb0997df17258d8,1,http://www.wikidata.org/entity/Q7432
b785d9ed72b347ae9cb0997df17258d8,2,http://www.wikidata.org/entity/Q37517
b785d9ed72b347ae9cb0997df17258d8,3,http://www.wikidata.org/entity/Q70443487
b785d9ed72b347ae9cb0997df17258d8,5,http://www.wikidata.org/entity/Q208498
b9b284ef0bd745749d71bb983ba9ace9,1,http://www.wikidata.org/entity/Q22676022
b9b284ef0bd745749d71bb983ba9ace9,2,http://www.wikidata.org/entity/Q1248784
b9b284ef0bd745749d71bb983ba9ace9,3,http://www.wikidata.org/entity/Q190200
b9b284ef0bd745749d71bb983ba9ace9,4,http://www.wikidata.org/entity/Q15056993
b9b284ef0bd745749d71bb983ba9ace9,11,http://www.wikidata.org/entity/Q46970
b9b284ef0bd745749d71bb983ba9ace9,12,http://www.wikidata.org/entity/Q35657
b9b284ef0bd745749d71bb983ba9ace9,20,http://www.wikidata.org/entity/Q7432
b9b284ef0bd745749d71bb983ba9ace9,22,http://www.wikidata.org/entity/Q240673
bce62d5597764148ae822175f250a215,4,http://www.wikidata.org/entity/Q10926413
bce62d5597764148ae822175f250a215,2,http://www.wikidata.org/entity/Q36477
bce62d5597764148ae822175f250a215,3,http://www.wikidata.org/entity/Q34027
bce62d5597764148ae822175f250a215,5,http://www.wikidata.org/entity/Q14874297
bce62d5597764148ae822175f250a215,6,http://www.wikidata.org/entity/Q143263
bce62d5597764148ae822175f250a215,8,http://www.wikidata.org/entity/Q889769
bce62d5597764148ae822175f250a215,10,http://www.wikidata.org/entity/Q40936
bce62d5597764148ae822175f250a215,11,http://www.wikidata.org/entity/Q2945560
bce62d5597764148ae822175f250a215,12,http://www.wikidata.org/entity/Q80294
bd00b752eba94953882023490ade0978,1,http://www.wikidata.org/entity/Q22676022
bd00b752eba94953882023490ade0978,2,http://www.wikidata.org/entity/Q1248784
bd00b752eba94953882023490ade0978,3,http://www.wikidata.org/entity/Q190200
bd00b752eba94953882023490ade0978,4,http://www.wikidata.org/entity/Q15056993
bd00b752eba94953882023490ade0978,11,http://www.wikidata.org/entity/Q46970
bd00b752eba94953882023490ade0978,12,http://www.wikidata.org/entity/Q35657
bd00b752eba94953882023490ade0978,20,http://www.wikidata.org/entity/Q7432
bd00b752eba94953882023490ade0978,22,http://www.wikidata.org/entity/Q240673
c09226e97dd0468b8ecb5893332bfc14,4,http://www.wikidata.org/entity/Q10926413
c09226e97dd0468b8ecb5893332bfc14,2,http://www.wikidata.org/entity/Q36477
c09226e97dd0468b8ecb5893332bfc14,3,http://www.wikidata.org/entity/Q34027
c09226e97dd0468b8ecb5893332bfc14,5,http://www.wikidata.org/entity/Q14874297
c09226e97dd0468b8ecb5893332bfc14,6,http://www.wikidata.org/entity/Q143263
c09226e97dd0468b8ecb5893332bfc14,8,http://www.wikidata.org/entity/Q889769
c09226e97dd0468b8ecb5893332bfc14,10,http://www.wikidata.org/entity/Q40936
c09226e97dd0468b8ecb5893332bfc14,11,http://www.wikidata.org/entity/Q2945560
c09226e97dd0468b8ecb5893332bfc14,12,http://www.wikidata.org/entity/Q80294
c36f7f977dd8442681ace9541e0177c8,4,"http://www.wikidata.org/entity/Q47018901,http://www.wikidata.org/entity/Q5151"
c36f7f977dd8442681ace9541e0177c8,5,http://www.wikidata.org/entity/Q7432
c36f7f977dd8442681ace9541e0177c8,6,http://www.wikidata.org/entity/Q29539
c59f306bb061463f8b5ce7174d4e450d,1,http://www.wikidata.org/entity/Q11344
c59f306bb061463f8b5ce7174d4e450d,3,http://www.wikidata.org/entity/Q30301666
c59f306bb061463f8b5ce7174d4e450d,5,http://www.wikidata.org/entity/Q10858537
c59f306bb061463f8b5ce7174d4e450d,6,http://www.wikidata.org/entity/Q10858537
c59f306bb061463f8b5ce7174d4e450d,7,http://www.wikidata.org/entity/Q60026969
cab96661ce0a4ec48bdc0f0a28c39753,1,http://www.wikidata.org/entity/Q5
cab96661ce0a4ec48bdc0f0a28c39753,2,http://www.wikidata.org/entity/Q7432
cab96661ce0a4ec48bdc0f0a28c39753,3,"http://www.wikidata.org/entity/Q3186692,http://www.wikidata.org/entity/Q577"
cab96661ce0a4ec48bdc0f0a28c39753,13,http://www.wikidata.org/entity/Q407426
cab96661ce0a4ec48bdc0f0a28c39753,16,http://www.wikidata.org/entity/Q627
cab96661ce0a4ec48bdc0f0a28c39753,17,http://www.wikidata.org/entity/Q623
cab96661ce0a4ec48bdc0f0a28c39753,19,http://www.wikidata.org/entity/Q703
cab96661ce0a4ec48bdc0f0a28c39753,20,http://www.wikidata.org/entity/Q660
cab96661ce0a4ec48bdc0f0a28c39753,21,http://www.wikidata.org/entity/Q706
cab96661ce0a4ec48bdc0f0a28c39753,22,http://www.wikidata.org/entity/Q663
cab96661ce0a4ec48bdc0f0a28c39753,23,http://www.wikidata.org/entity/Q18248103
cab96661ce0a4ec48bdc0f0a28c39753,24,http://www.wikidata.org/entity/Q677
cab96661ce0a4ec48bdc0f0a28c39753,25,http://www.wikidata.org/entity/Q1033359
cab96661ce0a4ec48bdc0f0a28c39753,27,http://www.wikidata.org/entity/Q731
cab96661ce0a4ec48bdc0f0a28c39753,28,http://www.wikidata.org/entity/Q658
cab96661ce0a4ec48bdc0f0a28c39753,29,http://www.wikidata.org/entity/Q674
cab96661ce0a4ec48bdc0f0a28c39753,31,http://www.wikidata.org/entity/Q758
cab96661ce0a4ec48bdc0f0a28c39753,32,http://www.wikidata.org/entity/Q740
cab96661ce0a4ec48bdc0f0a28c39753,33,http://www.wikidata.org/entity/Q753
cab96661ce0a4ec48bdc0f0a28c39753,34,http://www.wikidata.org/entity/Q708
cab96661ce0a4ec48bdc0f0a28c39753,35,http://www.wikidata.org/entity/Q938
cab96661ce0a4ec48bdc0f0a28c39753,36,http://www.wikidata.org/entity/Q725
cab96661ce0a4ec48bdc0f0a28c39753,37,http://www.wikidata.org/entity/Q744
cab96661ce0a4ec48bdc0f0a28c39753,38,http://www.wikidata.org/entity/Q29539
cab96661ce0a4ec48bdc0f0a28c39753,39,http://www.wikidata.org/entity/Q36253
cab96661ce0a4ec48bdc0f0a28c39753,40,http://www.wikidata.org/entity/Q35059
cab96661ce0a4ec48bdc0f0a28c39753,41,http://www.wikidata.org/entity/Q407142
cab96661ce0a4ec48bdc0f0a28c39753,42,http://www.wikidata.org/entity/Q187607
cb1601379dca4472b6df915185124990,0,http://www.wikidata.org/entity/Q7432
cb1601379dca4472b6df915185124990,1,http://www.wikidata.org/entity/Q37517
cb1601379dca4472b6df915185124990,2,http://www.wikidata.org/entity/Q70443487
cb1601379dca4472b6df915185124990,4,http://www.wikidata.org/entity/Q208498
cdb29eaf5d6145d6978fd9c9d474a11d,0,http://www.wikidata.org/entity/Q7432
cdb29eaf5d6145d6978fd9c9d474a11d,2,http://www.wikidata.org/entity/Q4022
cdb29eaf5d6145d6978fd9c9d474a11d,7,"http://www.wikidata.org/entity/Q3186692,http://www.wikidata.org/entity/Q577"
cdb29eaf5d6145d6978fd9c9d474a11d,8,"http://www.wikidata.org/entity/Q47018901,http://www.wikidata.org/entity/Q5151"
cdb29eaf5d6145d6978fd9c9d474a11d,10,http://www.wikidata.org/entity/Q34027
cdb29eaf5d6145d6978fd9c9d474a11d,11,http://www.wikidata.org/entity/Q36477
cdb29eaf5d6145d6978fd9c9d474a11d,14,http://www.wikidata.org/entity/Q677
cdb29eaf5d6145d6978fd9c9d474a11d,15,http://www.wikidata.org/entity/Q731
cdb29eaf5d6145d6978fd9c9d474a11d,16,http://www.wikidata.org/entity/Q2454098
cdb29eaf5d6145d6978fd9c9d474a11d,17,http://www.wikidata.org/entity/Q706
cdb29eaf5d6145d6978fd9c9d474a11d,18,http://www.wikidata.org/entity/Q172290
cdb29eaf5d6145d6978fd9c9d474a11d,19,http://www.wikidata.org/entity/Q182168
cdb29eaf5d6145d6978fd9c9d474a11d,20,http://www.wikidata.org/entity/Q688
cdb29eaf5d6145d6978fd9c9d474a11d,23,http://www.wikidata.org/entity/Q11466
cdb29eaf5d6145d6978fd9c9d474a11d,25,http://www.wikidata.org/entity/Q34740
cdb29eaf5d6145d6978fd9c9d474a11d,26,http://www.wikidata.org/entity/Q336019
cdb29eaf5d6145d6978fd9c9d474a11d,28,http://www.wikidata.org/entity/Q11500
cdb29eaf5d6145d6978fd9c9d474a11d,31,http://www.wikidata.org/entity/Q660
cdb29eaf5d6145d6978fd9c9d474a11d,32,http://www.wikidata.org/entity/Q658
cdb29eaf5d6145d6978fd9c9d474a11d,33,http://www.wikidata.org/entity/Q703
cdb29eaf5d6145d6978fd9c9d474a11d,34,http://www.wikidata.org/entity/Q409202
cdb29eaf5d6145d6978fd9c9d474a11d,35,http://www.wikidata.org/entity/Q1306
cdb29eaf5d6145d6978fd9c9d474a11d,36,http://www.wikidata.org/entity/Q663
cdb29eaf5d6145d6978fd9c9d474a11d,37,http://www.wikidata.org/entity/Q876
cdb29eaf5d6145d6978fd9c9d474a11d,38,http://www.wikidata.org/entity/Q1091
cdb29eaf5d6145d6978fd9c9d474a11d,39,http://www.wikidata.org/entity/Q706
d25a9ef3b12244ef9028aaf2df7a753d,0,http://www.wikidata.org/entity/Q7432
d25a9ef3b12244ef9028aaf2df7a753d,2,http://www.wikidata.org/entity/Q4022
d25a9ef3b12244ef9028aaf2df7a753d,7,"http://www.wikidata.org/entity/Q3186692,http://www.wikidata.org/entity/Q577"
d25a9ef3b12244ef9028aaf2df7a753d,8,"http://www.wikidata.org/entity/Q47018901,http://www.wikidata.org/entity/Q5151"
d25a9ef3b12244ef9028aaf2df7a753d,10,http://www.wikidata.org/entity/Q34027
d25a9ef3b12244ef9028aaf2df7a753d,11,http://www.wikidata.org/entity/Q36477
d25a9ef3b12244ef9028aaf2df7a753d,14,http://www.wikidata.org/entity/Q677
d25a9ef3b12244ef9028aaf2df7a753d,15,http://www.wikidata.org/entity/Q731
d25a9ef3b12244ef9028aaf2df7a753d,16,http://www.wikidata.org/entity/Q2454098
d25a9ef3b12244ef9028aaf2df7a753d,17,http://www.wikidata.org/entity/Q706
d25a9ef3b12244ef9028aaf2df7a753d,18,http://www.wikidata.org/entity/Q172290
d25a9ef3b12244ef9028aaf2df7a753d,19,http://www.wikidata.org/entity/Q182168
d25a9ef3b12244ef9028aaf2df7a753d,20,http://www.wikidata.org/entity/Q688
d25a9ef3b12244ef9028aaf2df7a753d,23,http://www.wikidata.org/entity/Q11466
d25a9ef3b12244ef9028aaf2df7a753d,25,http://www.wikidata.org/entity/Q34740
d25a9ef3b12244ef9028aaf2df7a753d,26,http://www.wikidata.org/entity/Q336019
d25a9ef3b12244ef9028aaf2df7a753d,28,http://www.wikidata.org/entity/Q11500
d25a9ef3b12244ef9028aaf2df7a753d,31,http://www.wikidata.org/entity/Q660
d25a9ef3b12244ef9028aaf2df7a753d,32,http://www.wikidata.org/entity/Q658
d25a9ef3b12244ef9028aaf2df7a753d,33,http://www.wikidata.org/entity/Q703
d25a9ef3b12244ef9028aaf2df7a753d,34,http://www.wikidata.org/entity/Q409202
d25a9ef3b12244ef9028aaf2df7a753d,35,http://www.wikidata.org/entity/Q1306
d25a9ef3b12244ef9028aaf2df7a753d,36,http://www.wikidata.org/entity/Q663
d25a9ef3b12244ef9028aaf2df7a753d,37,http://www.wikidata.org/entity/Q876
d25a9ef3b12244ef9028aaf2df7a753d,38,http://www.wikidata.org/entity/Q1091
d25a9ef3b12244ef9028aaf2df7a753d,39,http://www.wikidata.org/entity/Q706
d45abd04bf62409b9531c36a747f3cba,1,http://www.wikidata.org/entity/Q5
d45abd04bf62409b9531c36a747f3cba,2,http://www.wikidata.org/entity/Q7432
d45abd04bf62409b9531c36a747f3cba,3,"http://www.wikidata.org/entity/Q3186692,http://www.wikidata.org/entity/Q577"
d45abd04bf62409b9531c36a747f3cba,13,http://www.wikidata.org/entity/Q407426
d45abd04bf62409b9531c36a747f3cba,16,http://www.wikidata.org/entity/Q627
d45abd04bf62409b9531c36a747f3cba,17,http://www.wikidata.org/entity/Q623
d45abd04bf62409b9531c36a747f3cba,19,http://www.wikidata.org/entity/Q703
d45abd04bf62409b9531c36a747f3cba,20,http://www.wikidata.org/entity/Q660
d45abd04bf62409b9531c36a747f3cba,21,http://www.wikidata.org/entity/Q706
d45abd04bf62409b9531c36a747f3cba,22,http://www.wikidata.org/entity/Q663
d45abd04bf62409b9531c36a747f3cba,23,http://www.wikidata.org/entity/Q18248103
d45abd04bf62409b9531c36a747f3cba,24,http://www.wikidata.org/entity/Q677
d45abd04bf62409b9531c36a747f3cba,25,http://www.wikidata.org/entity/Q1033359
d45abd04bf62409b9531c36a747f3cba,27,http://www.wikidata.org/entity/Q731
d45abd04bf62409b9531c36a747f3cba,28,http://www.wikidata.org/entity/Q658
d45abd04bf62409b9531c36a747f3cba,29,http://www.wikidata.org/entity/Q674
d45abd04bf62409b9531c36a747f3cba,31,http://www.wikidata.org/entity/Q758
d45abd04bf62409b9531c36a747f3cba,32,http://www.wikidata.org/entity/Q740
d45abd04bf62409b9531c36a747f3cba,33,http://www.wikidata.org/entity/Q753
d45abd04bf62409b9531c36a747f3cba,34,http://www.wikidata.org/entity/Q708
d45abd04bf62409b9531c36a747f3cba,35,http://www.wikidata.org/entity/Q938
d45abd04bf62409b9531c36a747f3cba,36,http://www.wikidata.org/entity/Q725
d45abd04bf62409b9531c36a747f3cba,37,http://www.wikidata.org/entity/Q744
d45abd04bf62409b9531c36a747f3cba,38,http://www.wikidata.org/entity/Q29539
d45abd04bf62409b9531c36a747f3cba,39,http://www.wikidata.org/entity/Q36253
d45abd04bf62409b9531c36a747f3cba,40,http://www.wikidata.org/entity/Q35059
d45abd04bf62409b9531c36a747f3cba,41,http://www.wikidata.org/entity/Q407142
d45abd04bf62409b9531c36a747f3cba,42,http://www.wikidata.org/entity/Q187607
d4c54ecd718449e19a14216c55803455,0,"http://www.wikidata.org/entity/Q2083910,http://www.wikidata.org/entity/Q2083910"
d4c54ecd718449e19a14216c55803455,5,"http://www.wikidata.org/entity/Q3186692,http://www.wikidata.org/entity/Q577"
d4c54ecd718449e19a14216c55803455,6,http://www.wikidata.org/entity/Q2945560
d4c54ecd718449e19a14216c55803455,9,http://www.wikidata.org/entity/Q7432
d4c54ecd718449e19a14216c55803455,20,"http://www.wikidata.org/entity/Q96337207,http://www.wikidata.org/entity/Q1061524"
d5542ea1fddf44c39d2bb70dc436ddf8,0,http://www.wikidata.org/entity/Q35409
d5542ea1fddf44c39d2bb70dc436ddf8,1,http://www.wikidata.org/entity/Q7432
d55f605fbcfe42eaa90dba52e3763f07,0,http://www.wikidata.org/entity/Q7432
d55f605fbcfe42eaa90dba52e3763f07,2,http://www.wikidata.org/entity/Q4022
d55f605fbcfe42eaa90dba52e3763f07,7,"http://www.wikidata.org/entity/Q3186692,http://www.wikidata.org/entity/Q577"
d55f605fbcfe42eaa90dba52e3763f07,8,"http://www.wikidata.org/entity/Q47018901,http://www.wikidata.org/entity/Q5151"
d55f605fbcfe42eaa90dba52e3763f07,10,http://www.wikidata.org/entity/Q34027
d55f605fbcfe42eaa90dba52e3763f07,11,http://www.wikidata.org/entity/Q36477
d55f605fbcfe42eaa90dba52e3763f07,14,http://www.wikidata.org/entity/Q677
d55f605fbcfe42eaa90dba52e3763f07,15,http://www.wikidata.org/entity/Q731
d55f605fbcfe42eaa90dba52e3763f07,16,http://www.wikidata.org/entity/Q2454098
d55f605fbcfe42eaa90dba52e3763f07,17,http://www.wikidata.org/entity/Q706
d55f605fbcfe42eaa90dba52e3763f07,18,http://www.wikidata.org/entity/Q172290
d55f605fbcfe42eaa90dba52e3763f07,19,http://www.wikidata.org/entity/Q182168
d55f605fbcfe42eaa90dba52e3763f07,20,http://www.wikidata.org/entity/Q688
d55f605fbcfe42eaa90dba52e3763f07,23,http://www.wikidata.org/entity/Q11466
d55f605fbcfe42eaa90dba52e3763f07,25,http://www.wikidata.org/entity/Q34740
d55f605fbcfe42eaa90dba52e3763f07,26,http://www.wikidata.org/entity/Q336019
d55f605fbcfe42eaa90dba52e3763f07,28,http://www.wikidata.org/entity/Q11500
d55f605fbcfe42eaa90dba52e3763f07,31,http://www.wikidata.org/entity/Q660
d55f605fbcfe42eaa90dba52e3763f07,32,http://www.wikidata.org/entity/Q658
d55f605fbcfe42eaa90dba52e3763f07,33,http://www.wikidata.org/entity/Q703
d55f605fbcfe42eaa90dba52e3763f07,34,http://www.wikidata.org/entity/Q409202
d55f605fbcfe42eaa90dba52e3763f07,35,http://www.wikidata.org/entity/Q1306
d55f605fbcfe42eaa90dba52e3763f07,36,http://www.wikidata.org/entity/Q663
d55f605fbcfe42eaa90dba52e3763f07,37,http://www.wikidata.org/entity/Q876
d55f605fbcfe42eaa90dba52e3763f07,38,http://www.wikidata.org/entity/Q1091
d55f605fbcfe42eaa90dba52e3763f07,39,http://www.wikidata.org/entity/Q706
dffeec8c3593402bafa69b50f5920fa5,1,http://www.wikidata.org/entity/Q22676022
dffeec8c3593402bafa69b50f5920fa5,2,http://www.wikidata.org/entity/Q1248784
dffeec8c3593402bafa69b50f5920fa5,3,http://www.wikidata.org/entity/Q190200
dffeec8c3593402bafa69b50f5920fa5,4,http://www.wikidata.org/entity/Q15056993
dffeec8c3593402bafa69b50f5920fa5,11,http://www.wikidata.org/entity/Q46970
dffeec8c3593402bafa69b50f5920fa5,12,http://www.wikidata.org/entity/Q35657
dffeec8c3593402bafa69b50f5920fa5,20,http://www.wikidata.org/entity/Q7432
dffeec8c3593402bafa69b50f5920fa5,22,http://www.wikidata.org/entity/Q240673
e749786aff714981a5a7da3da0789128,1,http://www.wikidata.org/entity/Q7432
f99ab21885664e20bd25d1cf848f4c5e,1,http://www.wikidata.org/entity/Q7432
f99ab21885664e20bd25d1cf848f4c5e,2,http://www.wikidata.org/entity/Q37517
f99ab21885664e20bd25d1cf848f4c5e,3,http://www.wikidata.org/entity/Q70443487
f99ab21885664e20bd25d1cf848f4c5e,5,http://www.wikidata.org/entity/Q208498
