File_Name,Column_Name,Column_Index
Table1.csv,rank,0
Table2.csv,year,0
Table3.csv,rank,0
Table4.csv,age,0
Table5.csv,rank,0
Table6.csv,age,0
Table6.csv,weight,1
Table7.csv,age,0
Table7.csv,weight,1
Table8.csv,age,0
Table8.csv,weight,1
Table9.csv,age,0
Table9.csv,weight,1
Table10.csv,age,0
Table10.csv,weight,1
Table11.csv,age,0
Table11.csv,weight,1
Table12.csv,age,0
Table12.csv,weight,1
Table13.csv,age,0
Table13.csv,weight,1
Table14.csv,age,0
Table14.csv,weight,1
Table15.csv,age,0
Table15.csv,weight,1
Table16.csv,age,0
Table16.csv,rank,3
Table17.csv,rank,0
Table18.csv,year,0
Table19.csv,age,0
Table20.csv,year,0
Table21.csv,year,1
Table22.csv,rank,0
Table23.csv,rank,0
Table24.csv,rank,0
Table25.csv,rank,0
Table26.csv,year,0
Table27.csv,rank,0
Table28.csv,year,0
Table29.csv,year,0
Table30.csv,age,0
Table31.csv,age,0
Table32.csv,age,0
Table33.csv,year,0
Table34.csv,year,0
Table35.csv,year,1
Table36.csv,age,0
Table36.csv,weight,1
Table37.csv,rank,1
Table38.csv,year,0
Table38.csv,plays,2
Table39.csv,age,1
Table40.csv,age,1
Table41.csv,age,1
Table42.csv,age,1
Table43.csv,rank,0
Table44.csv,rank,0
Table45.csv,year,0
Table46.csv,rank,0
Table47.csv,weight,1
Table47.csv,age,2
Table48.csv,rank,1
Table49.csv,rank,1
Table50.csv,year,0
Table51.csv,year,1
Table52.csv,year,0
Table53.csv,rank,0
Table54.csv,age,0
Table55.csv,age,0
Table56.csv,elevation,1
Table57.csv,elevation,1
Table58.csv,age,0
Table58.csv,weight,1
Table59.csv,age,0
Table59.csv,weight,1
Table60.csv,age,0
Table60.csv,weight,1
Table61.csv,age,0
Table61.csv,weight,1
Table62.csv,age,0
Table62.csv,weight,1
Table63.csv,age,0
Table63.csv,weight,1
Table64.csv,age,0
Table64.csv,rank,3
Table65.csv,age,0
Table66.csv,rank,0
Table67.csv,age,1
Table68.csv,age,1
Table69.csv,age,1
Table70.csv,age,1
Table71.csv,age,1
Table72.csv,rank,0
Table73.csv,year,2
Table74.csv,rank,0
Table75.csv,rank,0
Table76.csv,rank,1
Table77.csv,position,0
Table78.csv,rank,0
Table79.csv,year,1
Table80.csv,year,0
Table81.csv,rank,1
Table82.csv,rank,0
Table83.csv,age,0
Table84.csv,elevation,0
Table85.csv,year,0
Table86.csv,rank,0
Table87.csv,year,0
Table88.csv,rank,0
Table89.csv,rank,0
Table90.csv,isbn,0
Table91.csv,rank,0
Table92.csv,rank,0
Table93.csv,year,0
Table94.csv,rank,1
Table95.csv,year,0
Table96.csv,year,0
Table97.csv,rank,0
Table98.csv,year,0
Table99.csv,year,1
Table100.csv,age,0
Table101.csv,rank,0
Table102.csv,rank,0
Table103.csv,age,1
Table104.csv,age,1
Table105.csv,age,1
Table106.csv,age,1
Table107.csv,rank,0
Table108.csv,year,0
Table109.csv,position,1
Table110.csv,year,0
Table111.csv,age,0
Table112.csv,age,1
Table113.csv,rank,0
Table114.csv,year,0
Table115.csv,rank,0
Table116.csv,year,0
Table117.csv,year,0
Table118.csv,year,0
Table119.csv,rank,1
Table120.csv,year,0
Table121.csv,code,0
Table122.csv,rank,0
Table123.csv,plays,0
Table124.csv,age,0
Table124.csv,weight,1
Table125.csv,age,0
Table125.csv,weight,1
Table126.csv,age,0
Table126.csv,weight,1
Table127.csv,age,0
Table127.csv,weight,1
Table128.csv,year,0
Table129.csv,year,0
Table130.csv,rank,1
Table131.csv,rank,1
Table132.csv,position,1
Table133.csv,position,1
Table134.csv,rank,0
Table135.csv,year,1
Table136.csv,rank,0
Table137.csv,rank,0
Table138.csv,year,1
Table139.csv,year,0
Table140.csv,rank,0
Table141.csv,rank,0
Table142.csv,year,0
Table143.csv,year,0
Table144.csv,year,0
Table145.csv,code,0
Table146.csv,year,0
Table147.csv,year,1
Table148.csv,rank,0
Table149.csv,year,0
Table150.csv,age,1
Table151.csv,age,1
Table152.csv,age,1
Table153.csv,region,0
Table154.csv,rank,0
Table155.csv,rank,0
Table156.csv,year,1
Table157.csv,order,0
Table158.csv,duration,2
Table159.csv,rank,0
Table160.csv,age,1
Table161.csv,rank,0
Table162.csv,year,0
Table163.csv,plays,0
Table164.csv,rank,0
Table165.csv,rank,0
Table166.csv,year,2
Table167.csv,elevation,0
Table168.csv,year,0
Table168.csv,age,1
Table169.csv,year,1
Table170.csv,rank,0
Table171.csv,class,0
Table172.csv,year,0
Table173.csv,rank,0
Table174.csv,age,1
Table175.csv,age,1
Table176.csv,age,1
Table177.csv,year,0
Table178.csv,result,0
Table179.csv,rank,0
Table180.csv,age,0
Table181.csv,order,0
Table182.csv,year,0
Table183.csv,year,1
Table184.csv,year,1
Table185.csv,rank,0
Table186.csv,year,1
Table187.csv,age,1
Table188.csv,rank,0
Table189.csv,age,0
Table190.csv,plays,0
Table191.csv,rank,0
Table192.csv,age,0
Table193.csv,elevation,0
Table194.csv,age,0
Table194.csv,weight,1
Table195.csv,age,0
Table195.csv,weight,1
Table196.csv,age,0
Table196.csv,weight,1
Table197.csv,age,0
Table197.csv,weight,1
Table198.csv,age,0
Table198.csv,weight,1
Table199.csv,age,0
Table199.csv,weight,1
Table200.csv,age,0
Table200.csv,weight,1
Table201.csv,age,0
Table201.csv,weight,1
Table202.csv,age,0
Table202.csv,weight,1
Table203.csv,age,0
Table203.csv,weight,1
Table204.csv,age,0
Table204.csv,weight,1
Table205.csv,age,0
Table205.csv,weight,1
Table206.csv,age,0
Table206.csv,weight,1
Table207.csv,age,0
Table207.csv,weight,1
Table208.csv,age,0
Table208.csv,weight,1
Table209.csv,age,0
Table209.csv,weight,1
Table210.csv,position,1
Table211.csv,year,1
Table212.csv,year,0
Table213.csv,year,0
Table214.csv,position,0
Table215.csv,position,0
Table216.csv,position,0
Table217.csv,rank,0
Table218.csv,rank,0
Table219.csv,rank,1
Table220.csv,year,0
Table221.csv,year,0
Table222.csv,rank,0
Table223.csv,rank,0
Table224.csv,rank,0
Table225.csv,year,0
Table225.csv,plays,2
Table226.csv,year,0
Table227.csv,age,0
Table228.csv,age,0
Table229.csv,age,0
Table230.csv,position,1
Table231.csv,code,0
Table232.csv,elevation,1
Table233.csv,elevation,1
Table234.csv,age,0
Table234.csv,rank,3
Table235.csv,year,0
Table236.csv,age,1
Table237.csv,age,1
Table238.csv,age,1
Table239.csv,age,1
Table240.csv,age,1
Table241.csv,age,1
Table242.csv,age,1
Table243.csv,rank,0
Table244.csv,year,2
Table245.csv,rank,0
Table246.csv,rank,0
Table247.csv,rank,0
Table248.csv,rank,0
Table249.csv,age,1
Table250.csv,position,0
Table251.csv,age,0
Table252.csv,elevation,1
Table253.csv,rank,0
Table254.csv,age,0
Table254.csv,weight,1
Table255.csv,year,0
Table256.csv,age,1
Table257.csv,age,1
Table258.csv,age,1
Table259.csv,age,1
Table260.csv,age,1
Table261.csv,position,1
Table262.csv,position,1
Table263.csv,age,2
Table264.csv,age,1
Table265.csv,year,1
Table266.csv,sales,1
Table267.csv,age,0
Table268.csv,rank,0
Table269.csv,rank,0
Table270.csv,rank,0
Table271.csv,rank,0
Table272.csv,rank,0
Table273.csv,rank,0
Table274.csv,rank,0
Table275.csv,rank,0
Table276.csv,rank,0
Table277.csv,year,0
Table278.csv,year,0
Table278.csv,rank,1
Table279.csv,year,0
Table280.csv,rank,0
Table281.csv,age,0
Table282.csv,year,0
Table283.csv,year,0
Table284.csv,year,0
Table285.csv,age,1
Table286.csv,age,1
Table287.csv,age,1
Table288.csv,age,1
Table289.csv,age,1
Table290.csv,age,1
Table291.csv,age,1
Table292.csv,rank,0
Table293.csv,person,0
Table294.csv,position,1
Table295.csv,rank,0
Table296.csv,year,1
Table297.csv,age,0
Table298.csv,year,0
Table299.csv,rank,0
Table300.csv,year,0
Table301.csv,year,0
Table302.csv,rank,0
Table303.csv,rank,0
Table304.csv,rank,0
Table305.csv,age,0
Table305.csv,weight,1
Table306.csv,age,0
Table306.csv,weight,1
Table307.csv,age,0
Table307.csv,weight,1
Table308.csv,age,0
Table308.csv,weight,1
Table309.csv,age,0
Table309.csv,weight,1
Table310.csv,age,0
Table310.csv,weight,1
Table311.csv,year,0
Table312.csv,year,1
Table313.csv,rank,0
Table314.csv,year,0
Table315.csv,weight,1
Table315.csv,age,2
Table316.csv,age,0
Table317.csv,rank,1
Table318.csv,year,1
Table319.csv,position,0
Table320.csv,year,0
Table321.csv,day,0
Table322.csv,year,0
Table323.csv,rank,0
Table324.csv,rank,0
Table325.csv,rank,0
Table326.csv,year,0
Table327.csv,year,0
Table328.csv,weight,0
Table329.csv,age,0
Table329.csv,weight,1
Table330.csv,age,0
Table330.csv,rank,3
Table331.csv,age,1
Table332.csv,age,1
Table333.csv,age,1
Table334.csv,age,1
Table335.csv,age,1
Table336.csv,age,1
Table337.csv,age,1
Table338.csv,age,1
Table339.csv,age,1
Table340.csv,age,1
Table341.csv,age,1
Table342.csv,age,1
Table343.csv,age,1
Table344.csv,age,1
Table345.csv,age,1
Table346.csv,age,1
Table347.csv,depth,0
Table348.csv,year,0
Table349.csv,rank,1
Table350.csv,age,0
Table351.csv,year,0
Table352.csv,rank,0
Table353.csv,rank,0
Table354.csv,rank,0
Table355.csv,rank,0
Table356.csv,elevation,1
Table357.csv,rank,0
Table358.csv,year,0
Table359.csv,age,1
Table360.csv,age,1
Table361.csv,age,1
Table362.csv,position,1
Table363.csv,position,1
Table364.csv,year,0
Table365.csv,area,0
Table366.csv,rank,0
Table367.csv,year,0
Table368.csv,year,0
Table369.csv,rank,0
Table370.csv,year,0
Table371.csv,year,0
Table372.csv,duration,2
Table373.csv,year,0
Table374.csv,age,0
Table374.csv,weight,1
Table375.csv,age,0
Table375.csv,rank,3
Table376.csv,age,0
Table377.csv,age,0
Table377.csv,rank,1
Table378.csv,age,0
Table379.csv,ranking,0
Table380.csv,rank,0
Table381.csv,rank,0
Table382.csv,rank,0
Table383.csv,year,0
Table384.csv,rank,0
Table385.csv,year,2
Table386.csv,rank,0
Table387.csv,age,2
Table388.csv,age,2
Table389.csv,class,0
Table390.csv,year,0
Table390.csv,rank,1
Table391.csv,year,0
Table391.csv,rank,1
Table392.csv,year,0
Table392.csv,rank,1
Table393.csv,year,1
Table394.csv,rank,1
Table395.csv,rank,1
Table396.csv,rank,1
Table397.csv,year,0
Table397.csv,age,1
Table398.csv,rank,0
Table399.csv,rank,0
Table400.csv,weight,1
Table401.csv,ranking,0
Table402.csv,year,1
Table403.csv,year,0
Table404.csv,age,0
Table405.csv,age,0
Table406.csv,age,0
Table406.csv,rank,3
Table407.csv,year,0
Table408.csv,age,1
Table409.csv,age,1
Table410.csv,age,1
Table411.csv,age,1
Table412.csv,age,1
Table413.csv,age,1
Table414.csv,rank,0
Table415.csv,position,1
Table416.csv,position,1
Table417.csv,rank,1
Table418.csv,age,1
Table419.csv,code,0
Table420.csv,year,3
Table421.csv,rank,0
Table422.csv,year,0
Table423.csv,depth,0
Table424.csv,age,0
Table425.csv,age,0
Table426.csv,rank,0
Table427.csv,year,1
Table428.csv,age,0
Table428.csv,weight,1
Table429.csv,age,0
Table430.csv,age,1
Table431.csv,age,1
Table432.csv,age,1
Table433.csv,age,1
Table434.csv,age,1
Table435.csv,age,1
Table436.csv,age,1
Table437.csv,age,1
Table438.csv,age,1
Table439.csv,age,1
Table440.csv,age,1
Table441.csv,age,1
Table442.csv,region,0
Table443.csv,rank,0
Table444.csv,year,1
Table445.csv,position,1
Table446.csv,position,1
Table447.csv,position,1
Table448.csv,duration,2
Table449.csv,age,1
Table450.csv,position,0
Table451.csv,year,1
Table452.csv,year,1
Table453.csv,year,0
Table454.csv,year,0
Table455.csv,year,0
Table456.csv,day,0
Table457.csv,rank,0
Table458.csv,range,0
Table459.csv,elevation,0
Table460.csv,year,0
Table461.csv,year,1
Table462.csv,age,0
Table462.csv,weight,1
Table463.csv,rank,1
Table464.csv,age,1
Table465.csv,age,1
Table466.csv,age,1
Table467.csv,rank,0
Table468.csv,rank,1
Table469.csv,year,3
Table470.csv,position,1
Table471.csv,position,1
Table472.csv,year,0
Table473.csv,duration,2
Table474.csv,position,0
Table475.csv,rank,1
Table476.csv,year,0
Table477.csv,age,1
Table478.csv,rank,0
Table479.csv,rank,0
Table480.csv,rank,1
Table481.csv,rank,0
Table482.csv,rank,0
Table483.csv,year,0
Table483.csv,rank,2
Table484.csv,year,0
Table484.csv,rank,2
Table485.csv,position,0
Table486.csv,year,0
Table487.csv,area,0
Table488.csv,rank,0
Table489.csv,year,0
Table490.csv,year,1
Table491.csv,age,0
Table491.csv,weight,1
Table492.csv,age,0
Table492.csv,weight,1
Table493.csv,age,0
Table493.csv,weight,1
Table494.csv,age,0
Table494.csv,weight,1
Table495.csv,age,0
Table495.csv,weight,1
Table496.csv,age,0
Table496.csv,weight,1
Table497.csv,age,0
Table497.csv,weight,1
Table498.csv,age,0
Table498.csv,weight,1
Table499.csv,age,0
Table499.csv,weight,1
Table500.csv,age,0
Table500.csv,weight,1
Table501.csv,age,0
Table501.csv,weight,1
Table502.csv,age,0
Table502.csv,weight,1
Table503.csv,age,0
Table503.csv,weight,1
Table504.csv,age,0
Table504.csv,weight,1
Table505.csv,age,0
Table505.csv,weight,1
Table506.csv,age,0
Table506.csv,rank,3
Table507.csv,rank,0
Table508.csv,age,1
Table509.csv,age,1
Table510.csv,age,1
Table511.csv,age,1
Table512.csv,age,1
Table513.csv,age,1
Table514.csv,age,1
Table515.csv,age,1
Table516.csv,age,1
Table517.csv,region,0
Table518.csv,region,0
Table519.csv,rank,0
Table520.csv,rank,0
Table521.csv,position,1
Table522.csv,duration,2
Table523.csv,rank,0
Table524.csv,duration,2
Table525.csv,age,2
Table526.csv,age,2
Table527.csv,rank,0
Table528.csv,year,0
Table529.csv,year,1
Table530.csv,year,1
Table531.csv,rank,0
Table532.csv,rank,0
Table533.csv,year,0
Table534.csv,depth,0
Table535.csv,age,0
Table536.csv,age,0
Table537.csv,product,0
Table538.csv,year,0
Table539.csv,age,0
Table539.csv,weight,1
Table540.csv,age,0
Table540.csv,weight,1
Table541.csv,age,0
Table541.csv,weight,1
Table542.csv,age,0
Table542.csv,weight,1
Table543.csv,age,0
Table544.csv,age,0
Table544.csv,weight,1
Table545.csv,age,0
Table546.csv,age,0
Table546.csv,weight,1
Table547.csv,year,0
Table548.csv,year,0
Table549.csv,age,1
Table550.csv,position,1
Table551.csv,depth,1
Table552.csv,year,0
Table553.csv,age,1
Table554.csv,age,1
Table555.csv,rank,0
Table556.csv,year,0
Table556.csv,age,1
Table557.csv,rank,0
Table558.csv,rank,1
Table559.csv,year,0
Table560.csv,depth,0
Table561.csv,age,0
Table562.csv,age,0
Table563.csv,elevation,1
Table564.csv,rank,0
Table565.csv,age,0
Table565.csv,rank,3
Table566.csv,rank,0
Table566.csv,age,1
Table567.csv,state,0
Table568.csv,rank,0
Table569.csv,position,1
Table570.csv,position,0
Table571.csv,duration,2
Table572.csv,rank,0
Table573.csv,rank,1
Table574.csv,year,2
Table574.csv,age,3
Table575.csv,rank,0
Table576.csv,rank,0
Table577.csv,year,0
Table577.csv,plays,2
Table578.csv,year,0
Table579.csv,day,0
Table579.csv,year,1
Table580.csv,year,0
Table581.csv,year,0
Table582.csv,age,0
Table582.csv,weight,1
Table583.csv,age,0
Table583.csv,rank,3
Table584.csv,rank,0
Table585.csv,rank,0
Table586.csv,position,1
Table587.csv,position,1
Table588.csv,rank,0
Table589.csv,result,0
Table590.csv,order,0
Table590.csv,year,1
Table591.csv,order,0
Table592.csv,order,0
Table593.csv,order,0
Table594.csv,weight,1
Table594.csv,age,2
Table595.csv,weight,1
Table595.csv,age,2
Table596.csv,rank,0
Table597.csv,age,0
Table598.csv,rank,0
Table599.csv,code,0
Table600.csv,year,0
Table601.csv,class,0
Table602.csv,age,0
Table602.csv,rank,3
Table603.csv,year,0
Table604.csv,age,0
Table605.csv,year,0
Table605.csv,age,2
Table606.csv,age,1
Table607.csv,age,1
Table608.csv,age,1
Table609.csv,age,1
Table610.csv,region,0
Table611.csv,rank,0
Table612.csv,year,0
Table613.csv,rank,0
Table614.csv,rank,1
Table615.csv,age,0
Table616.csv,age,0
Table617.csv,age,0
Table618.csv,age,0
Table619.csv,rank,0
Table620.csv,position,0
Table621.csv,year,0
Table622.csv,rank,0
Table623.csv,rank,0
Table624.csv,age,1
Table625.csv,year,1
Table626.csv,year,2
Table627.csv,year,0
Table628.csv,age,0
Table628.csv,weight,1
Table629.csv,age,0
Table629.csv,rank,3
Table630.csv,age,0
Table631.csv,age,0
Table631.csv,rank,3
Table632.csv,age,0
Table632.csv,rank,1
Table633.csv,year,0
Table634.csv,age,0
Table635.csv,age,0
Table636.csv,rank,0
Table637.csv,rank,0
Table638.csv,year,0
Table639.csv,year,1
Table640.csv,year,0
Table641.csv,age,0
Table642.csv,rank,1
Table643.csv,year,0
Table643.csv,age,1
Table644.csv,rank,1
Table645.csv,depth,0
Table646.csv,age,0
Table647.csv,age,1
Table648.csv,age,0
Table649.csv,rank,1
Table650.csv,rank,0
Table651.csv,weight,0
Table652.csv,rank,0
Table653.csv,rank,0
Table654.csv,duration,1
Table655.csv,position,1
Table656.csv,age,0
Table657.csv,year,0
Table658.csv,year,0
Table659.csv,rank,1
Table660.csv,year,0
Table661.csv,year,1
Table661.csv,age,2
Table662.csv,age,0
Table663.csv,rank,0
Table664.csv,year,0
Table665.csv,age,0
Table665.csv,weight,1
Table666.csv,year,0
Table666.csv,age,1
Table667.csv,weight,0
Table668.csv,year,0
Table669.csv,year,0
Table670.csv,rank,0
Table671.csv,year,0
Table672.csv,position,1
Table673.csv,result,0
Table674.csv,elevation,2
Table675.csv,weight,1
Table675.csv,age,2
Table676.csv,year,1
Table677.csv,year,0
Table678.csv,rank,0
Table679.csv,age,0
Table680.csv,rank,0
Table681.csv,age,0
Table682.csv,plays,0
Table683.csv,duration,0
Table684.csv,duration,0
Table685.csv,rank,0
Table686.csv,rank,1
Table687.csv,year,0
Table688.csv,rank,0
Table689.csv,fileSize,0
Table690.csv,fileSize,0
Table691.csv,rank,0
Table692.csv,year,1
Table693.csv,year,0
Table693.csv,age,1
Table694.csv,position,0
Table695.csv,plays,0
Table696.csv,plays,0
Table697.csv,year,1
Table698.csv,year,0
Table699.csv,position,0
Table700.csv,rank,0
Table701.csv,year,0
Table702.csv,rank,0
Table703.csv,year,0
Table704.csv,year,0
Table705.csv,year,0
Table705.csv,age,1
Table706.csv,year,1
Table707.csv,year,0
Table708.csv,rank,0
Table709.csv,age,0
Table710.csv,year,1
Table711.csv,duration,2
Table712.csv,rank,0
Table713.csv,year,1
Table714.csv,year,0
Table715.csv,age,0
Table716.csv,age,0
Table717.csv,location,0
Table718.csv,position,0
Table719.csv,age,0
Table720.csv,day,0
Table721.csv,rank,0
Table722.csv,type,1
Table723.csv,age,0
Table723.csv,weight,1
Table724.csv,age,0
Table724.csv,weight,1
Table725.csv,age,0
Table725.csv,weight,1
Table726.csv,age,0
Table726.csv,weight,1
Table727.csv,age,0
Table727.csv,weight,1
Table728.csv,age,0
Table728.csv,weight,1
Table729.csv,age,0
Table729.csv,weight,1
Table730.csv,age,0
Table730.csv,weight,1
Table731.csv,age,0
Table731.csv,weight,1
Table732.csv,age,0
Table732.csv,weight,1
Table733.csv,age,0
Table734.csv,age,0
Table734.csv,weight,1
Table735.csv,age,0
Table735.csv,weight,1
Table736.csv,age,0
Table736.csv,weight,1
Table737.csv,age,0
Table737.csv,weight,1
Table738.csv,age,0
Table738.csv,weight,1
Table739.csv,age,0
Table739.csv,weight,1
Table740.csv,age,0
Table740.csv,weight,1
Table741.csv,age,0
Table741.csv,weight,1
Table742.csv,age,0
Table742.csv,weight,1
Table743.csv,age,0
Table743.csv,weight,1
Table744.csv,age,0
Table744.csv,rank,3
Table745.csv,age,0
Table746.csv,age,1
Table747.csv,age,1
Table748.csv,age,1
Table749.csv,age,1
Table750.csv,rank,0
Table751.csv,rank,0
Table752.csv,ranking,0
Table753.csv,rank,1
Table754.csv,year,0
Table755.csv,age,0
Table756.csv,age,0
Table757.csv,age,0
Table758.csv,age,1
Table759.csv,year,0
Table760.csv,plays,0
Table761.csv,plays,0
Table762.csv,weight,1
Table763.csv,rank,0
Table764.csv,age,0
Table765.csv,year,0
Table766.csv,year,0
Table767.csv,year,0
Table768.csv,year,0
Table769.csv,age,0
Table769.csv,weight,1
Table770.csv,age,0
Table771.csv,age,0
Table772.csv,rank,0
Table773.csv,age,0
Table774.csv,rank,1
Table775.csv,rank,1
Table776.csv,age,0
Table777.csv,rank,0
Table778.csv,position,0
Table779.csv,position,0
Table780.csv,position,0
Table781.csv,rank,1
Table782.csv,rank,1
Table783.csv,year,0
Table784.csv,year,2
Table784.csv,age,3
Table785.csv,rank,0
Table786.csv,rank,1
Table787.csv,rank,0
Table788.csv,year,0
Table789.csv,year,0
Table790.csv,year,0
Table791.csv,code,0
Table792.csv,rank,0
Table793.csv,elevation,0
Table794.csv,year,0
Table795.csv,year,0
Table796.csv,year,0
Table797.csv,year,0
Table798.csv,age,0
Table799.csv,age,1
Table800.csv,age,1
Table801.csv,age,1
Table802.csv,age,1
Table803.csv,credit,0
Table804.csv,elevation,2
Table805.csv,rank,0
Table806.csv,age,0
Table807.csv,year,0
Table808.csv,rank,0
Table809.csv,class,0
Table810.csv,class,0
Table811.csv,class,0
Table812.csv,class,0
Table813.csv,class,0
Table814.csv,class,0
Table815.csv,class,0
Table816.csv,class,0
Table817.csv,class,0
Table818.csv,class,0
Table819.csv,class,0
Table820.csv,class,0
Table821.csv,rank,0
Table822.csv,rank,0
Table823.csv,age,0
Table824.csv,age,0
Table825.csv,rank,0
Table826.csv,rank,0
Table827.csv,rank,0
Table828.csv,rank,0
Table829.csv,rank,0
Table830.csv,class,0
Table831.csv,year,0
Table832.csv,year,1
Table833.csv,age,1
Table834.csv,rank,0
Table835.csv,rank,0
Table836.csv,rank,0
Table837.csv,rank,0
Table838.csv,year,0
Table839.csv,rank,0
Table840.csv,result,0
Table841.csv,rank,1
Table842.csv,rank,1
Table843.csv,year,0
Table844.csv,rank,0
Table845.csv,age,0
Table846.csv,rank,0
Table847.csv,year,0
Table848.csv,year,0
Table849.csv,age,0
Table850.csv,age,0
Table851.csv,year,1
Table852.csv,rank,0
Table853.csv,year,0
Table854.csv,age,1
Table855.csv,age,1
Table856.csv,age,1
Table857.csv,age,1
Table858.csv,age,1
Table859.csv,age,1
Table860.csv,age,1
Table861.csv,age,1
Table862.csv,age,1
Table863.csv,age,1
Table864.csv,age,1
Table865.csv,age,1
Table866.csv,year,0
Table867.csv,duration,2
Table868.csv,position,1
Table869.csv,rank,0
Table870.csv,year,0
Table871.csv,rank,0
Table872.csv,age,0
Table873.csv,position,0
Table874.csv,rank,1
Table875.csv,year,0
Table875.csv,plays,2
Table876.csv,rank,0
Table877.csv,rank,0
Table878.csv,position,0
Table879.csv,rank,0
Table880.csv,year,0
Table881.csv,rank,0
Table882.csv,plays,0
Table883.csv,position,0
Table884.csv,rank,0
Table885.csv,year,0
Table886.csv,depth,0
Table887.csv,year,0
Table888.csv,elevation,1
Table889.csv,age,1
Table890.csv,age,0
Table890.csv,weight,1
Table891.csv,year,0
Table892.csv,year,0
Table893.csv,rank,0
Table894.csv,position,1
Table895.csv,duration,2
Table896.csv,year,0
Table897.csv,year,0
Table898.csv,rank,0
Table898.csv,year,2
Table899.csv,rank,0
Table899.csv,year,2
Table900.csv,rank,0
Table900.csv,year,2
Table901.csv,rank,0
Table901.csv,year,2
Table902.csv,rank,0
Table902.csv,year,2
Table903.csv,rank,0
Table903.csv,year,2
Table904.csv,rank,0
Table904.csv,year,2
Table905.csv,year,0
Table906.csv,year,0
Table907.csv,rank,0
Table908.csv,duration,2
Table909.csv,elevation,1
Table910.csv,age,1
Table911.csv,rank,0
Table912.csv,age,1
Table913.csv,age,1
Table914.csv,age,1
Table915.csv,age,1
Table916.csv,age,1
Table917.csv,age,1
Table918.csv,age,1
Table919.csv,age,1
Table920.csv,age,1
Table921.csv,age,1
Table922.csv,age,1
Table923.csv,age,1
Table924.csv,year,0
Table925.csv,rank,0
Table926.csv,rank,0
Table927.csv,result,0
Table928.csv,age,1
Table929.csv,year,0
Table930.csv,position,0
Table931.csv,rank,0
Table932.csv,rank,0
Table933.csv,plays,0
Table934.csv,rank,0
Table935.csv,rank,0
Table936.csv,year,0
Table937.csv,age,0
Table938.csv,year,1
Table939.csv,year,0
Table940.csv,position,1
Table941.csv,year,0
Table942.csv,year,0
Table943.csv,year,1
Table944.csv,age,1
Table945.csv,age,1
Table946.csv,age,1
Table947.csv,age,0
Table948.csv,age,0
Table949.csv,rank,1
Table950.csv,year,0
Table951.csv,code,0
Table952.csv,plays,0
Table953.csv,elevation,0
Table954.csv,year,0
Table955.csv,year,0
Table956.csv,rank,0
Table957.csv,age,1
Table958.csv,rank,0
Table959.csv,rank,1
Table960.csv,rank,1
Table961.csv,rank,0
Table962.csv,position,1
Table963.csv,order,0
Table964.csv,year,0
Table965.csv,rank,1
Table966.csv,rank,1
Table967.csv,rank,0
Table968.csv,year,0
Table969.csv,year,0
Table970.csv,age,0
Table971.csv,position,0
Table972.csv,year,0
Table973.csv,range,0
Table974.csv,age,0
Table975.csv,rank,1
Table976.csv,rank,1
Table977.csv,age,0
Table978.csv,age,1
Table979.csv,age,1
Table980.csv,age,1
Table981.csv,age,1
Table982.csv,age,1
Table983.csv,age,1
Table984.csv,age,1
Table985.csv,rank,0
Table986.csv,rank,0
Table987.csv,ranking,0
Table988.csv,rank,0
Table989.csv,rank,0
Table990.csv,rank,0
Table991.csv,year,0
Table992.csv,year,0
Table993.csv,year,0
Table994.csv,year,0
Table995.csv,rank,0
Table996.csv,year,1
Table997.csv,age,1
Table998.csv,age,1
Table999.csv,age,1
Table1000.csv,position,1
Table1001.csv,position,1
Table1002.csv,year,0
Table1003.csv,rank,0
Table1004.csv,rank,0
Table1005.csv,year,0
Table1006.csv,rank,0
Table1007.csv,rank,0
Table1008.csv,year,0
Table1009.csv,year,0
Table1010.csv,rank,0
Table1011.csv,rank,0
Table1012.csv,weight,1
Table1012.csv,age,2
Table1013.csv,year,0
Table1014.csv,age,0
Table1015.csv,elevation,1
Table1016.csv,year,0
Table1017.csv,age,0
Table1017.csv,weight,1
Table1018.csv,age,0
Table1018.csv,weight,1
Table1019.csv,age,0
Table1019.csv,weight,1
Table1020.csv,age,0
Table1020.csv,weight,1
Table1021.csv,age,0
Table1021.csv,weight,1
Table1022.csv,year,0
Table1023.csv,age,1
Table1024.csv,age,1
Table1025.csv,age,1
Table1026.csv,age,1
Table1026.csv,club,2
Table1027.csv,age,1
Table1027.csv,club,2
Table1028.csv,age,1
Table1028.csv,club,2
Table1029.csv,age,1
Table1029.csv,club,2
Table1030.csv,age,1
Table1030.csv,club,2
Table1031.csv,year,1
Table1032.csv,age,0
Table1033.csv,year,0
Table1033.csv,age,1
Table1034.csv,age,1
Table1035.csv,year,0
Table1036.csv,rank,0
Table1037.csv,rank,0
Table1038.csv,rank,0
Table1039.csv,year,0
Table1040.csv,rank,0
Table1041.csv,plays,0
Table1042.csv,position,0
Table1043.csv,weight,1
Table1044.csv,age,0
Table1044.csv,weight,1
Table1045.csv,age,0
Table1045.csv,weight,1
Table1046.csv,age,0
Table1046.csv,weight,1
Table1047.csv,age,0
Table1047.csv,weight,1
Table1048.csv,age,0
Table1048.csv,weight,1
Table1049.csv,age,0
Table1049.csv,weight,1
Table1050.csv,age,0
Table1050.csv,weight,1
Table1051.csv,year,0
Table1052.csv,year,0
Table1053.csv,age,1
Table1054.csv,age,1
Table1055.csv,age,1
Table1056.csv,age,1
Table1057.csv,age,1
Table1058.csv,age,1
Table1059.csv,age,0
Table1060.csv,year,0
Table1061.csv,rank,1
Table1062.csv,rank,0
Table1063.csv,year,0
Table1064.csv,rank,0
Table1065.csv,rank,1
Table1066.csv,rank,0
Table1067.csv,year,0
Table1068.csv,day,0
Table1069.csv,rank,0
Table1070.csv,year,0
Table1071.csv,year,0
Table1072.csv,age,1
Table1073.csv,rank,0
Table1074.csv,rank,0
Table1075.csv,plays,0
Table1076.csv,age,0
Table1076.csv,weight,1
Table1077.csv,age,0
Table1078.csv,rank,0
Table1078.csv,age,1
Table1079.csv,rank,0
Table1079.csv,age,1
Table1080.csv,age,1
Table1081.csv,age,1
Table1082.csv,age,1
Table1083.csv,age,1
Table1084.csv,age,1
Table1085.csv,age,1
Table1086.csv,age,1
Table1087.csv,age,1
Table1088.csv,age,1
Table1089.csv,position,1
Table1090.csv,duration,2
Table1091.csv,year,0
Table1092.csv,age,0
Table1093.csv,rank,1
Table1094.csv,rank,0
Table1095.csv,age,1
Table1096.csv,rank,0
Table1097.csv,year,0
Table1098.csv,year,0
Table1099.csv,year,0
Table1099.csv,age,1
Table1100.csv,year,0
Table1101.csv,year,0
Table1102.csv,fileSize,0
Table1102.csv,year,1
Table1103.csv,age,0
Table1103.csv,weight,1
Table1104.csv,age,0
Table1104.csv,weight,1
Table1105.csv,age,0
Table1106.csv,age,0
Table1107.csv,rank,0
Table1108.csv,rank,0
Table1109.csv,rank,0
Table1110.csv,position,0
Table1111.csv,year,0
Table1112.csv,year,0
Table1113.csv,year,0
Table1114.csv,rank,0
Table1115.csv,rank,0
Table1116.csv,age,0
Table1117.csv,age,0
Table1118.csv,position,0
Table1119.csv,year,2
Table1120.csv,year,2
Table1121.csv,year,0
Table1122.csv,elevation,1
Table1123.csv,rank,0
Table1124.csv,age,0
Table1124.csv,weight,1
Table1125.csv,age,0
Table1125.csv,weight,1
Table1126.csv,age,0
Table1126.csv,weight,1
Table1127.csv,age,0
Table1127.csv,weight,1
Table1128.csv,age,0
Table1128.csv,weight,1
Table1129.csv,age,0
Table1129.csv,weight,1
Table1130.csv,age,0
Table1130.csv,weight,1
Table1131.csv,age,0
Table1131.csv,weight,1
Table1132.csv,age,0
Table1132.csv,weight,1
Table1133.csv,age,0
Table1133.csv,weight,1
Table1134.csv,age,0
Table1134.csv,rank,3
Table1135.csv,age,0
Table1135.csv,rank,3
Table1136.csv,age,1
Table1137.csv,age,1
Table1138.csv,age,1
Table1139.csv,age,1
Table1140.csv,region,0
Table1141.csv,rank,0
Table1142.csv,position,1
Table1143.csv,weight,1
Table1143.csv,age,2
Table1144.csv,weight,1
Table1144.csv,age,2
Table1145.csv,position,0
Table1146.csv,rank,0
Table1147.csv,year,0
Table1148.csv,rank,1
Table1149.csv,rank,0
Table1150.csv,rank,0
Table1151.csv,year,0
Table1152.csv,position,0
Table1153.csv,year,0
Table1154.csv,code,0
Table1155.csv,rank,0
Table1156.csv,age,0
Table1157.csv,age,0
Table1158.csv,age,1
Table1159.csv,age,1
Table1160.csv,age,1
Table1161.csv,age,1
Table1162.csv,age,1
Table1163.csv,year,0
Table1164.csv,region,0
Table1165.csv,position,1
Table1166.csv,rank,0
Table1167.csv,description,0
Table1168.csv,rank,0
Table1169.csv,year,0
Table1170.csv,rank,0
Table1171.csv,year,0
Table1172.csv,weight,1
Table1173.csv,sales,1
Table1174.csv,code,0
Table1175.csv,year,1
Table1176.csv,year,0
Table1177.csv,year,0
Table1178.csv,age,0
Table1178.csv,weight,1
Table1179.csv,age,0
Table1179.csv,weight,1
Table1180.csv,age,0
Table1180.csv,weight,1
Table1181.csv,age,0
Table1181.csv,weight,1
Table1182.csv,age,0
Table1182.csv,weight,1
Table1183.csv,age,0
Table1183.csv,weight,1
Table1184.csv,age,0
Table1184.csv,weight,1
Table1185.csv,age,0
Table1185.csv,weight,1
Table1186.csv,age,0
Table1186.csv,weight,1
Table1187.csv,age,0
Table1187.csv,weight,1
Table1188.csv,age,0
Table1188.csv,weight,1
Table1189.csv,age,0
Table1189.csv,weight,1
Table1190.csv,age,0
Table1190.csv,weight,1
Table1191.csv,age,0
Table1191.csv,weight,1
Table1192.csv,age,0
Table1192.csv,weight,1
Table1193.csv,age,0
Table1193.csv,weight,1
Table1194.csv,age,0
Table1194.csv,weight,1
Table1195.csv,age,0
Table1195.csv,weight,1
Table1196.csv,age,0
Table1196.csv,weight,1
Table1197.csv,age,0
Table1197.csv,weight,1
Table1198.csv,age,0
Table1199.csv,age,0
Table1199.csv,weight,1
Table1200.csv,age,0
Table1200.csv,weight,1
Table1201.csv,age,0
Table1201.csv,weight,1
Table1202.csv,age,0
Table1202.csv,weight,1
Table1203.csv,age,0
Table1203.csv,weight,1
Table1204.csv,age,0
Table1204.csv,weight,1
Table1205.csv,age,0
Table1205.csv,weight,1
Table1206.csv,age,0
Table1206.csv,weight,1
Table1207.csv,rank,0
Table1208.csv,ranking,0
Table1209.csv,year,0
Table1210.csv,year,0
Table1211.csv,year,1
Table1212.csv,rank,1
Table1213.csv,day,0
Table1214.csv,age,0
Table1215.csv,age,0
Table1216.csv,age,0
Table1217.csv,area,0
Table1218.csv,rank,0
Table1219.csv,year,0
Table1220.csv,year,0
Table1221.csv,weight,2
Table1222.csv,weight,0
Table1223.csv,year,1
Table1224.csv,age,0
Table1224.csv,weight,1
Table1225.csv,age,0
Table1225.csv,rank,3
Table1226.csv,age,0
Table1226.csv,rank,3
Table1227.csv,rank,1
Table1228.csv,age,1
Table1229.csv,age,1
Table1230.csv,age,1
Table1231.csv,age,1
Table1232.csv,age,1
Table1233.csv,age,1
Table1234.csv,age,1
Table1235.csv,age,1
Table1236.csv,age,1
Table1237.csv,age,1
Table1238.csv,position,0
Table1239.csv,rank,1
Table1240.csv,rank,1
Table1241.csv,year,0
Table1242.csv,rank,1
Table1243.csv,position,0
Table1244.csv,weight,1
Table1244.csv,age,2
Table1245.csv,rank,1
Table1246.csv,rank,1
Table1247.csv,age,0
Table1248.csv,year,1
Table1249.csv,year,0
Table1249.csv,age,1
Table1250.csv,rank,1
Table1251.csv,age,0
Table1252.csv,year,0
Table1253.csv,year,0
Table1254.csv,depth,0
Table1255.csv,code,0
Table1256.csv,code,0
Table1257.csv,elevation,1
Table1258.csv,age,0
Table1258.csv,weight,1
Table1259.csv,age,0
Table1259.csv,weight,1
Table1260.csv,age,0
Table1260.csv,weight,1
Table1261.csv,age,0
Table1261.csv,weight,1
Table1262.csv,age,0
Table1262.csv,weight,1
Table1263.csv,age,0
Table1263.csv,weight,1
Table1264.csv,age,0
Table1264.csv,weight,1
Table1265.csv,age,0
Table1266.csv,year,0
Table1267.csv,year,0
Table1268.csv,year,0
Table1269.csv,year,0
Table1270.csv,rank,0
Table1271.csv,rank,0
Table1272.csv,year,2
Table1273.csv,year,0
Table1273.csv,age,1
Table1274.csv,year,0
Table1274.csv,age,1
Table1275.csv,code,0
Table1276.csv,position,0
Table1277.csv,rank,0
Table1278.csv,rank,0
Table1279.csv,elevation,0
Table1280.csv,year,2
Table1281.csv,year,0
Table1282.csv,age,0
Table1282.csv,weight,1
Table1283.csv,age,0
Table1283.csv,rank,3
Table1284.csv,age,0
Table1284.csv,rank,3
Table1285.csv,year,1
Table1286.csv,position,1
Table1287.csv,position,1
Table1288.csv,rank,0
Table1289.csv,year,1
Table1290.csv,age,1
Table1291.csv,age,0
Table1292.csv,rank,0
Table1293.csv,plays,0
Table1294.csv,rank,0
Table1295.csv,position,0
Table1296.csv,year,3
Table1297.csv,rank,0
Table1298.csv,year,1
Table1299.csv,year,2
Table1300.csv,rank,0
Table1301.csv,age,0
Table1301.csv,weight,1
Table1302.csv,age,1
Table1303.csv,rank,0
Table1304.csv,rank,0
Table1305.csv,position,1
Table1306.csv,position,1
Table1307.csv,rank,0
Table1308.csv,rank,0
Table1309.csv,order,0
Table1310.csv,fileSize,0
Table1311.csv,year,0
Table1311.csv,age,1
Table1312.csv,rank,1
Table1313.csv,year,1
Table1314.csv,rank,0
Table1315.csv,position,0
Table1316.csv,age,0
Table1317.csv,age,0
Table1318.csv,year,3
Table1319.csv,rank,0
Table1320.csv,year,0
Table1321.csv,year,0
Table1322.csv,position,0
Table1323.csv,year,2
Table1324.csv,rank,0
Table1325.csv,year,0
Table1326.csv,sales,0
Table1327.csv,age,0
Table1327.csv,rank,3
Table1328.csv,rank,0
Table1329.csv,rank,0
Table1330.csv,rank,0
Table1331.csv,position,1
Table1332.csv,year,0
Table1332.csv,age,1
Table1333.csv,year,0
Table1334.csv,rank,0
Table1335.csv,region,0
Table1336.csv,rank,0
Table1337.csv,rank,0
Table1338.csv,year,3
Table1339.csv,duration,2
Table1340.csv,rank,0
Table1341.csv,position,0
Table1342.csv,age,1
Table1343.csv,year,0
Table1344.csv,age,0
Table1345.csv,rank,0
Table1346.csv,year,1
Table1347.csv,rank,0
Table1348.csv,age,0
Table1348.csv,weight,1
Table1349.csv,age,0
Table1349.csv,weight,1
Table1350.csv,age,0
Table1351.csv,age,0
Table1352.csv,age,0
Table1353.csv,age,1
Table1354.csv,age,1
Table1355.csv,age,1
Table1356.csv,age,1
Table1357.csv,age,1
Table1358.csv,rank,0
Table1359.csv,rank,0
Table1360.csv,rank,0
Table1361.csv,position,1
Table1362.csv,result,0
Table1363.csv,fileSize,0
Table1364.csv,year,0
Table1365.csv,rank,1
Table1366.csv,year,0
Table1367.csv,code,0
Table1368.csv,rank,0
Table1369.csv,age,0
Table1370.csv,age,0
Table1371.csv,age,0
Table1372.csv,age,0
Table1373.csv,code,0
Table1374.csv,code,0
Table1375.csv,year,0
Table1376.csv,year,0
Table1377.csv,year,0
Table1378.csv,age,1
Table1379.csv,age,1
Table1380.csv,age,1
Table1381.csv,age,1
Table1382.csv,age,1
Table1383.csv,rank,0
Table1384.csv,year,0
Table1385.csv,year,0
Table1386.csv,rank,0
Table1387.csv,rank,1
Table1388.csv,rank,0
Table1389.csv,rank,0
Table1390.csv,ranking,0
Table1391.csv,age,0
Table1392.csv,age,0
Table1393.csv,weight,1
Table1394.csv,rank,0
Table1395.csv,rank,0
Table1396.csv,plays,1
Table1397.csv,elevation,1
Table1398.csv,elevation,1
Table1399.csv,rank,0
Table1400.csv,age,0
Table1400.csv,weight,1
Table1401.csv,age,0
Table1402.csv,age,1
Table1403.csv,rank,0
Table1403.csv,age,1
Table1404.csv,age,1
Table1405.csv,rank,1
Table1406.csv,rank,1
Table1407.csv,year,0
Table1408.csv,age,1
Table1409.csv,age,1
Table1410.csv,age,1
Table1411.csv,age,1
Table1412.csv,age,1
Table1413.csv,age,1
Table1414.csv,age,1
Table1415.csv,age,1
Table1416.csv,age,1
Table1417.csv,year,0
Table1418.csv,year,2
Table1419.csv,rank,0
Table1420.csv,rank,1
Table1421.csv,ranking,0
Table1422.csv,rank,0
Table1423.csv,year,0
Table1424.csv,rank,0
Table1424.csv,age,2
Table1425.csv,position,0
Table1426.csv,year,0
Table1427.csv,year,0
Table1428.csv,age,0
Table1429.csv,year,0
Table1430.csv,year,0
Table1431.csv,age,0
Table1432.csv,age,0
Table1433.csv,year,0
Table1434.csv,age,1
Table1435.csv,rank,0
Table1436.csv,rank,0
Table1437.csv,rank,0
Table1438.csv,rank,0
Table1439.csv,rank,0
Table1440.csv,result,0
Table1441.csv,rank,1
Table1442.csv,rank,0
Table1443.csv,rank,0
Table1444.csv,year,0
Table1444.csv,plays,2
Table1445.csv,year,0
Table1446.csv,depth,0
Table1447.csv,year,0
Table1448.csv,elevation,1
Table1449.csv,year,0
Table1450.csv,year,0
Table1451.csv,age,0
Table1452.csv,age,0
Table1453.csv,age,0
Table1454.csv,rank,1
Table1455.csv,rank,0
Table1456.csv,rank,0
Table1457.csv,year,0
Table1458.csv,year,0
Table1459.csv,year,0
Table1460.csv,age,1
Table1461.csv,age,1
Table1462.csv,age,1
Table1463.csv,age,1
Table1464.csv,position,1
Table1465.csv,position,1
Table1466.csv,rank,0
Table1467.csv,age,0
Table1468.csv,rank,0
Table1469.csv,year,0
Table1470.csv,rank,0
Table1471.csv,rank,0
Table1472.csv,rank,0
Table1473.csv,rank,0
Table1474.csv,rank,0
Table1475.csv,rank,0
Table1476.csv,rank,0
Table1477.csv,position,0
Table1478.csv,age,0
Table1479.csv,age,0
Table1480.csv,year,0
Table1481.csv,year,0
Table1482.csv,age,0
Table1482.csv,weight,1
Table1483.csv,age,0
Table1483.csv,weight,1
Table1484.csv,age,0
Table1484.csv,weight,1
Table1485.csv,age,0
Table1485.csv,weight,1
Table1486.csv,age,0
Table1486.csv,weight,1
Table1487.csv,age,0
Table1488.csv,age,0
Table1489.csv,age,1
Table1490.csv,age,1
Table1491.csv,age,1
Table1492.csv,position,1
Table1493.csv,position,1
Table1494.csv,position,1
Table1495.csv,year,0
Table1496.csv,rank,0
Table1497.csv,rank,0
Table1498.csv,year,1
Table1499.csv,year,1
Table1500.csv,rank,1
Table1501.csv,year,0
Table1502.csv,rank,0
Table1503.csv,plays,0
Table1504.csv,duration,2
Table1505.csv,duration,2
Table1506.csv,elevation,1
Table1507.csv,position,0
Table1508.csv,rank,0
Table1508.csv,age,1
Table1509.csv,year,0
Table1510.csv,year,0
Table1511.csv,year,0
Table1512.csv,age,1
Table1513.csv,age,1
Table1514.csv,age,1
Table1515.csv,age,1
Table1516.csv,age,1
Table1517.csv,age,1
Table1518.csv,rank,0
Table1519.csv,year,0
Table1520.csv,year,0
Table1521.csv,year,1
Table1522.csv,year,0
Table1523.csv,year,0
Table1524.csv,year,0
Table1525.csv,plays,0
Table1526.csv,year,0
Table1527.csv,age,0
Table1528.csv,sales,1
Table1529.csv,order,0
Table1530.csv,year,0
Table1530.csv,age,2
Table1531.csv,position,1
Table1532.csv,position,1
Table1533.csv,position,1
Table1534.csv,rank,0
Table1535.csv,location,1
Table1536.csv,age,0
Table1537.csv,rank,0
Table1538.csv,year,0
Table1539.csv,year,0
Table1540.csv,rank,1
Table1541.csv,year,2
Table1541.csv,age,3
Table1542.csv,age,1
Table1543.csv,year,0
Table1544.csv,year,0
Table1545.csv,age,2
Table1546.csv,age,0
Table1547.csv,duration,2
Table1548.csv,rank,0
Table1549.csv,rank,0
Table1550.csv,age,0
Table1550.csv,weight,1
Table1551.csv,age,0
Table1551.csv,weight,1
Table1552.csv,age,0
Table1552.csv,weight,1
Table1553.csv,age,0
Table1553.csv,weight,1
Table1554.csv,age,0
Table1554.csv,weight,1
Table1555.csv,age,0
Table1555.csv,weight,1
Table1556.csv,age,0
Table1556.csv,weight,1
Table1557.csv,age,0
Table1557.csv,rank,3
Table1558.csv,age,0
Table1558.csv,rank,3
Table1559.csv,rank,1
Table1560.csv,age,1
Table1561.csv,age,1
Table1562.csv,age,1
Table1563.csv,age,1
Table1564.csv,age,1
Table1565.csv,age,1
Table1566.csv,age,1
Table1567.csv,age,1
Table1568.csv,age,1
Table1569.csv,age,1
Table1570.csv,age,1
Table1571.csv,age,1
Table1572.csv,age,1
Table1573.csv,age,1
Table1574.csv,age,1
Table1575.csv,age,1
Table1576.csv,duration,2
Table1577.csv,year,0
Table1577.csv,age,1
Table1578.csv,year,0
Table1579.csv,rank,0
Table1580.csv,rank,0
Table1581.csv,rank,0
Table1582.csv,rank,0
Table1583.csv,rank,1
Table1584.csv,age,0
Table1585.csv,day,0
Table1586.csv,rank,0
Table1587.csv,code,0
Table1588.csv,elevation,1
Table1589.csv,year,1
Table1590.csv,age,0
Table1590.csv,weight,1
Table1591.csv,age,0
Table1591.csv,weight,1
Table1592.csv,age,0
Table1592.csv,weight,1
Table1593.csv,age,0
Table1593.csv,weight,1
Table1594.csv,age,0
Table1594.csv,weight,1
Table1595.csv,age,0
Table1595.csv,weight,1
Table1596.csv,age,0
Table1596.csv,weight,1
Table1597.csv,age,0
Table1597.csv,weight,1
Table1598.csv,family,0
Table1599.csv,age,1
Table1600.csv,age,1
Table1601.csv,rank,0
Table1602.csv,age,0
Table1603.csv,code,0
Table1604.csv,rank,0
Table1605.csv,rank,0
Table1606.csv,year,0
Table1607.csv,year,1
Table1608.csv,age,0
Table1609.csv,age,0
Table1610.csv,year,0
Table1611.csv,year,1
Table1612.csv,year,1
Table1613.csv,year,0
Table1614.csv,age,0
Table1614.csv,weight,1
Table1615.csv,state.1,1
Table1615.csv,state.3,3
Table1616.csv,year,0
Table1617.csv,rank,0
Table1618.csv,position,1
Table1619.csv,duration,2
Table1620.csv,rank,0
Table1621.csv,rank,0
Table1622.csv,year,0
Table1623.csv,year,1
Table1624.csv,rank,0
Table1625.csv,year,0
Table1626.csv,year,0
Table1627.csv,year,0
Table1628.csv,rank,0
Table1629.csv,rank,0
Table1630.csv,year,0
Table1631.csv,year,0
Table1632.csv,age,0
Table1633.csv,year,0
Table1634.csv,year,0
Table1635.csv,age,0
Table1635.csv,weight,1
Table1636.csv,age,0
Table1636.csv,weight,1
Table1637.csv,age,0
Table1637.csv,weight,1
Table1638.csv,age,1
Table1639.csv,position,1
Table1640.csv,position,0
Table1641.csv,age,0
Table1642.csv,age,0
Table1643.csv,year,1
Table1644.csv,year,1
Table1645.csv,year,1
Table1645.csv,age,2
Table1646.csv,year,0
Table1647.csv,rank,0
Table1648.csv,age,1
Table1649.csv,rank,0
Table1650.csv,elevation,0
Table1651.csv,year,0
Table1652.csv,age,0
Table1652.csv,weight,1
Table1653.csv,age,0
Table1654.csv,rank,0
Table1655.csv,age,1
Table1656.csv,age,1
Table1657.csv,age,1
Table1658.csv,age,1
Table1659.csv,age,1
Table1660.csv,age,1
Table1661.csv,age,1
Table1662.csv,age,1
Table1663.csv,age,1
Table1664.csv,age,1
Table1665.csv,age,1
Table1666.csv,year,0
Table1667.csv,rank,1
Table1668.csv,year,2
Table1668.csv,age,3
Table1669.csv,year,0
Table1670.csv,rank,0
Table1671.csv,year,0
Table1672.csv,age,0
Table1673.csv,elevation,1
Table1674.csv,elevation,1
Table1675.csv,year,0
Table1676.csv,age,1
Table1677.csv,age,1
Table1678.csv,age,1
Table1679.csv,age,1
Table1680.csv,age,1
Table1681.csv,rank,0
Table1682.csv,year,0
Table1683.csv,rank,0
Table1684.csv,year,3
Table1685.csv,rank,0
Table1686.csv,position,1
Table1687.csv,day,0
Table1688.csv,age,2
Table1689.csv,year,0
Table1690.csv,weight,1
Table1690.csv,age,2
Table1691.csv,age,0
Table1692.csv,year,1
Table1693.csv,year,2
Table1693.csv,age,3
Table1694.csv,year,1
Table1695.csv,rank,0
Table1696.csv,rank,0
Table1697.csv,rank,1
Table1698.csv,rank,1
Table1699.csv,year,0
Table1700.csv,year,0
Table1701.csv,elevation,1
Table1702.csv,year,0
Table1703.csv,year,0
Table1704.csv,rank,0
Table1705.csv,rank,0
Table1706.csv,region,0
Table1707.csv,rank,0
Table1708.csv,rank,0
Table1709.csv,weight,0
Table1710.csv,duration,2
Table1711.csv,position,0
Table1712.csv,rank,1
Table1713.csv,year,0
Table1714.csv,plays,0
Table1715.csv,rank,0
Table1716.csv,plays,1
Table1717.csv,position,0
Table1718.csv,age,0
Table1719.csv,code,0
Table1720.csv,year,0
Table1721.csv,year,0
Table1722.csv,year,0
Table1723.csv,age,0
Table1723.csv,rank,3
Table1724.csv,age,0
Table1724.csv,rank,1
Table1725.csv,rank,0
Table1726.csv,year,0
Table1727.csv,code,0
Table1728.csv,rank,0
Table1729.csv,region,0
Table1730.csv,year,0
Table1731.csv,year,1
Table1732.csv,ranking,1
Table1733.csv,ranking,0
Table1734.csv,location,0
Table1735.csv,age,1
Table1736.csv,rank,0
Table1737.csv,rank,0
Table1738.csv,rank,1
Table1739.csv,ranking,0
Table1740.csv,age,0
Table1741.csv,credit,0
Table1742.csv,rank,0
Table1743.csv,day,0
Table1744.csv,elevation,1
Table1745.csv,year,0
Table1746.csv,age,0
Table1747.csv,position,1
Table1748.csv,elevation,2
Table1749.csv,rank,0
Table1750.csv,rank,0
Table1751.csv,age,0
Table1752.csv,year,0
Table1753.csv,duration,0
Table1754.csv,duration,0
Table1755.csv,duration,0
Table1756.csv,duration,0
Table1757.csv,duration,0
Table1758.csv,duration,0
Table1759.csv,depth,0
Table1760.csv,duration,0
Table1761.csv,duration,0
Table1762.csv,duration,0
Table1763.csv,year,1
Table1764.csv,rank,1
Table1765.csv,year,0
Table1766.csv,elevation,2
Table1767.csv,year,0
Table1768.csv,rank,1
Table1769.csv,plays,0
Table1770.csv,rank,0
Table1771.csv,age,0
Table1772.csv,age,0
Table1773.csv,age,0
Table1774.csv,year,0
Table1775.csv,year,0
Table1776.csv,year,0
Table1777.csv,age,0
Table1778.csv,year,0
Table1779.csv,year,0
Table1780.csv,year,0
Table1781.csv,year,0
Table1782.csv,plays,0
Table1783.csv,plays,0
Table1784.csv,age,0
Table1785.csv,rank,0
Table1786.csv,age,0
Table1786.csv,weight,1
Table1787.csv,age,0
Table1787.csv,weight,1
Table1788.csv,age,0
Table1788.csv,weight,1
Table1789.csv,age,0
Table1789.csv,weight,1
Table1790.csv,age,0
Table1790.csv,weight,1
Table1791.csv,age,0
Table1791.csv,weight,1
Table1792.csv,age,0
Table1792.csv,weight,1
Table1793.csv,age,0
Table1794.csv,age,0
Table1794.csv,weight,1
Table1795.csv,age,0
Table1795.csv,weight,1
Table1796.csv,age,0
Table1796.csv,weight,1
Table1797.csv,age,0
Table1797.csv,weight,1
Table1798.csv,age,0
Table1798.csv,weight,1
Table1799.csv,age,0
Table1799.csv,weight,1
Table1800.csv,age,0
Table1800.csv,weight,1
Table1801.csv,age,0
Table1801.csv,weight,1
Table1802.csv,age,0
Table1803.csv,age,0
Table1803.csv,weight,1
Table1804.csv,age,0
Table1804.csv,weight,1
Table1805.csv,age,0
Table1806.csv,rank,1
Table1807.csv,age,0
Table1808.csv,rank,0
Table1809.csv,position,1
Table1810.csv,rank,0
Table1811.csv,year,3
Table1812.csv,duration,2
Table1813.csv,rank,1
Table1814.csv,rank,1
Table1815.csv,rank,0
Table1816.csv,year,1
Table1817.csv,year,0
Table1818.csv,year,0
Table1819.csv,rank,0
Table1820.csv,rank,0
Table1821.csv,rank,0
Table1822.csv,rank,0
Table1823.csv,rank,0
Table1824.csv,year,0
Table1825.csv,rank,0
Table1826.csv,year,0
Table1827.csv,year,0
Table1828.csv,year,0
Table1829.csv,age,0
Table1830.csv,rank,0
Table1831.csv,age,0
Table1831.csv,weight,1
Table1832.csv,position,0
Table1833.csv,rank,1
Table1834.csv,rank,1
Table1835.csv,rank,1
Table1836.csv,rank,0
Table1837.csv,position,1
Table1838.csv,day,0
Table1839.csv,age,0
Table1840.csv,position,1
Table1841.csv,rank,0
Table1842.csv,rank,0
Table1843.csv,day,0
Table1844.csv,plays,0
Table1845.csv,year,0
Table1846.csv,age,1
Table1847.csv,weight,1
Table1848.csv,weight,1
Table1849.csv,year,1
Table1850.csv,age,0
Table1850.csv,weight,1
Table1851.csv,age,0
Table1851.csv,rank,3
Table1852.csv,age,1
Table1853.csv,age,1
Table1854.csv,age,1
Table1855.csv,age,1
Table1856.csv,age,1
Table1857.csv,rank,0
Table1858.csv,day,1
Table1859.csv,rank,1
Table1860.csv,year,0
Table1861.csv,year,0
Table1862.csv,rank,1
Table1863.csv,rank,0
Table1864.csv,position,0
Table1865.csv,year,0
Table1866.csv,elevation,0
Table1867.csv,year,1
Table1868.csv,age,0
Table1869.csv,age,0
Table1870.csv,age,0
Table1870.csv,rank,3
Table1871.csv,rank,1
Table1872.csv,year,0
Table1873.csv,age,0
Table1874.csv,position,1
Table1875.csv,position,1
Table1876.csv,year,0
Table1877.csv,year,0
Table1878.csv,position,1
Table1879.csv,rank,0
Table1880.csv,rank,0
Table1881.csv,age,0
Table1882.csv,age,0
Table1883.csv,age,0
Table1884.csv,age,0
Table1885.csv,age,0
Table1885.csv,weight,1
Table1886.csv,age,0
Table1886.csv,weight,1
Table1887.csv,age,0
Table1887.csv,weight,1
Table1888.csv,age,0
Table1888.csv,weight,1
Table1889.csv,age,0
Table1889.csv,weight,1
Table1890.csv,age,1
Table1891.csv,age,1
Table1892.csv,age,1
Table1893.csv,position,1
Table1894.csv,rank,0
Table1895.csv,order,0
Table1896.csv,year,0
Table1897.csv,age,1
Table1898.csv,rank,1
Table1899.csv,year,0
Table1900.csv,age,0
Table1901.csv,year,1
Table1902.csv,rank,0
Table1903.csv,rank,0
Table1904.csv,rank,0
Table1905.csv,age,0
Table1906.csv,position,0
Table1907.csv,age,0
Table1908.csv,age,0
Table1909.csv,age,0
Table1910.csv,age,0
Table1911.csv,year,0
Table1912.csv,age,0
Table1913.csv,age,0
Table1914.csv,age,0
Table1915.csv,age,0
Table1916.csv,year,0
Table1917.csv,year,0
Table1918.csv,rank,0
Table1919.csv,year,0
Table1920.csv,age,1
Table1921.csv,age,1
Table1922.csv,age,1
Table1923.csv,age,1
Table1924.csv,age,1
Table1925.csv,age,1
Table1926.csv,age,1
Table1927.csv,age,1
Table1928.csv,age,1
Table1929.csv,result,0
Table1930.csv,result,0
Table1931.csv,year,1
Table1932.csv,rank,0
Table1932.csv,region,1
Table1933.csv,year,0
Table1934.csv,year,1
Table1935.csv,rank,0
Table1936.csv,rank,0
Table1937.csv,rank,0
Table1938.csv,rank,0
Table1939.csv,plays,0
Table1940.csv,year,1
Table1941.csv,year,0
Table1942.csv,year,0
Table1942.csv,rank,1
Table1943.csv,age,0
Table1944.csv,area,0
Table1945.csv,elevation,0
Table1946.csv,year,1
Table1947.csv,age,0
Table1947.csv,weight,1
Table1948.csv,age,0
Table1949.csv,age,0
Table1950.csv,age,0
Table1951.csv,age,1
Table1952.csv,age,1
Table1953.csv,age,1
Table1954.csv,age,1
Table1955.csv,age,1
Table1956.csv,age,1
Table1957.csv,age,1
Table1958.csv,age,1
Table1959.csv,rank,1
Table1960.csv,rank,0
Table1961.csv,year,0
Table1962.csv,position,0
Table1963.csv,code,0
Table1964.csv,year,0
Table1965.csv,year,0
Table1966.csv,year,1
Table1967.csv,year,1
Table1968.csv,rank,0
Table1969.csv,rank,0
Table1970.csv,rank,0
Table1971.csv,year,0
Table1971.csv,rank,1
Table1972.csv,year,0
Table1973.csv,age,1
Table1974.csv,rank,1
Table1975.csv,rank,0
Table1976.csv,age,1
Table1977.csv,age,1
Table1978.csv,age,1
Table1979.csv,age,1
Table1980.csv,age,1
Table1981.csv,year,0
Table1982.csv,year,0
Table1983.csv,rank,0
Table1984.csv,rank,0
Table1985.csv,region,0
Table1986.csv,rank,1
Table1987.csv,year,0
Table1988.csv,plays,0
Table1989.csv,age,1
Table1990.csv,year,1
Table1991.csv,year,0
Table1992.csv,plays,0
Table1993.csv,plays,1
Table1994.csv,day,0
Table1995.csv,rank,0
Table1996.csv,plays,1
Table1997.csv,area,0
Table1998.csv,duration,2
Table1999.csv,elevation,1
Table2000.csv,age,1
Table2001.csv,year,0
Table2002.csv,position,0
Table2003.csv,year,0
Table2004.csv,age,1
Table2005.csv,age,1
Table2006.csv,age,1
Table2007.csv,age,1
Table2008.csv,age,1
Table2009.csv,age,1
Table2010.csv,region,0
Table2011.csv,year,1
Table2012.csv,year,0
Table2013.csv,position,1
Table2014.csv,rank,0
Table2015.csv,age,0
Table2016.csv,range,0
Table2017.csv,rank,1
Table2018.csv,year,1
Table2019.csv,year,0
Table2020.csv,plays,0
Table2021.csv,rank,1
Table2022.csv,plays,0
Table2023.csv,year,0
Table2023.csv,weight,1
Table2024.csv,rank,0
Table2025.csv,rank,0
Table2026.csv,year,0
Table2027.csv,year,0
Table2028.csv,age,0
Table2029.csv,age,0
Table2030.csv,year,0
Table2031.csv,rank,0
Table2032.csv,age,0
Table2033.csv,age,0
Table2033.csv,weight,1
Table2034.csv,age,0
Table2034.csv,weight,1
Table2035.csv,age,0
Table2036.csv,age,0
Table2036.csv,rank,3
Table2037.csv,age,0
Table2037.csv,rank,3
Table2038.csv,age,1
Table2039.csv,rank,0
Table2040.csv,rank,0
Table2041.csv,rank,0
Table2042.csv,year,1
Table2043.csv,year,1
Table2043.csv,age,2
Table2044.csv,rank,0
Table2045.csv,class,1
Table2046.csv,day,0
Table2047.csv,year,1
Table2048.csv,code,0
Table2049.csv,year,0
Table2050.csv,year,1
Table2051.csv,rank,0
Table2051.csv,age,1
Table2052.csv,code,1
Table2053.csv,rank,1
Table2054.csv,rank,1
Table2055.csv,rank,1
Table2056.csv,year,0
Table2057.csv,age,1
Table2058.csv,age,1
Table2059.csv,age,1
Table2060.csv,rank,0
Table2061.csv,position,1
Table2062.csv,rank,0
Table2063.csv,rank,0
Table2064.csv,age,0
Table2065.csv,year,1
Table2066.csv,year,0
Table2067.csv,year,0
Table2068.csv,year,0
Table2068.csv,age,1
Table2069.csv,year,0
Table2070.csv,rank,0
Table2071.csv,rank,0
Table2072.csv,year,0
Table2073.csv,rank,0
Table2074.csv,age,0
Table2075.csv,year,0
Table2076.csv,elevation,1
Table2077.csv,age,1
Table2078.csv,rank,0
Table2079.csv,year,0
Table2080.csv,age,0
Table2080.csv,rank,3
Table2081.csv,age,0
Table2081.csv,rank,1
Table2082.csv,age,0
Table2083.csv,age,0
Table2084.csv,age,0
Table2085.csv,year,0
Table2086.csv,year,0
Table2087.csv,year,0
Table2088.csv,position,1
Table2089.csv,elevation,2
Table2090.csv,age,1
Table2091.csv,year,1
Table2092.csv,rank,0
Table2093.csv,age,0
Table2094.csv,rank,0
Table2095.csv,plays,0
Table2096.csv,plays,0
Table2097.csv,year,0
Table2098.csv,age,0
Table2099.csv,year,0
Table2100.csv,year,0
Table2101.csv,year,0
Table2102.csv,age,1
Table2103.csv,age,1
Table2104.csv,age,1
Table2105.csv,age,1
Table2106.csv,age,1
Table2107.csv,age,1
Table2108.csv,age,1
Table2109.csv,rank,0
Table2110.csv,position,1
Table2111.csv,rank,0
Table2112.csv,rank,0
Table2113.csv,year,0
Table2114.csv,position,0
Table2115.csv,year,0
Table2116.csv,year,0
Table2116.csv,age,1
Table2117.csv,year,1
Table2118.csv,rank,0
Table2119.csv,rank,0
Table2120.csv,rank,0
Table2121.csv,year,0
Table2122.csv,duration,0
Table2123.csv,age,0
Table2124.csv,age,0
Table2125.csv,position,0
Table2126.csv,rank,0
Table2127.csv,age,1
Table2128.csv,age,0
Table2129.csv,rank,0
Table2130.csv,year,0
Table2131.csv,class,0
Table2132.csv,capacity,0
Table2133.csv,position,1
Table2134.csv,position,1
Table2135.csv,day,1
Table2136.csv,rank,0
Table2137.csv,year,0
Table2138.csv,year,0
Table2139.csv,age,0
Table2140.csv,rank,0
Table2141.csv,rank,0
Table2142.csv,year,0
Table2143.csv,duration,2
Table2144.csv,position,0
Table2145.csv,rank,0
Table2146.csv,year,0
Table2147.csv,year,0
Table2148.csv,age,0
Table2149.csv,rank,0
Table2149.csv,area,1
Table2150.csv,rank,0
Table2151.csv,weight,1
Table2152.csv,year,0
Table2153.csv,year,0
Table2154.csv,location,1
Table2155.csv,rank,0
Table2156.csv,duration,2
Table2157.csv,elevation,2
Table2158.csv,rank,0
Table2159.csv,rank,1
Table2160.csv,year,0
Table2161.csv,year,0
Table2162.csv,rank,0
Table2163.csv,day,0
Table2164.csv,rank,0
Table2165.csv,rank,0
Table2166.csv,year,0
Table2167.csv,year,0
Table2167.csv,rank,1
Table2168.csv,rank,1
Table2169.csv,code,1
Table2170.csv,code,0
Table2171.csv,duration,0
Table2172.csv,duration,0
Table2173.csv,duration,0
Table2174.csv,duration,0
Table2175.csv,duration,0
Table2176.csv,duration,0
Table2177.csv,age,0
Table2177.csv,rank,3
Table2178.csv,position,0
Table2179.csv,rank,0
Table2180.csv,duration,0
Table2181.csv,area,0
Table2182.csv,age,1
Table2183.csv,age,1
Table2184.csv,age,1
Table2185.csv,state,1
Table2186.csv,position,1
Table2187.csv,position,1
Table2188.csv,rank,0
Table2189.csv,elevation,2
Table2190.csv,elevation,2
Table2191.csv,year,0
Table2192.csv,year,0
Table2193.csv,status,0
Table2194.csv,rank,1
Table2195.csv,year,0
Table2196.csv,year,0
Table2197.csv,age,0
Table2198.csv,age,0
Table2199.csv,location,0
Table2200.csv,rank,0
Table2201.csv,year,1
Table2202.csv,year,0
Table2203.csv,depth,0
Table2204.csv,rank,0
Table2205.csv,year,0
Table2206.csv,age,0
Table2207.csv,age,1
Table2208.csv,age,1
Table2209.csv,age,1
Table2210.csv,age,1
Table2211.csv,age,1
Table2212.csv,rank,0
Table2213.csv,rank,0
Table2214.csv,rank,0
Table2215.csv,position,1
Table2216.csv,year,1
Table2217.csv,position,0
Table2218.csv,rank,1
Table2219.csv,year,0
Table2220.csv,year,0
Table2221.csv,age,0
Table2222.csv,rank,0
Table2223.csv,year,0
Table2223.csv,rank,1
Table2224.csv,year,0
Table2224.csv,rank,1
Table2225.csv,year,0
Table2226.csv,age,0
Table2227.csv,year,0
Table2228.csv,position,0
Table2229.csv,year,1
Table2230.csv,age,0
Table2230.csv,weight,1
Table2231.csv,age,0
Table2231.csv,weight,1
Table2232.csv,age,0
Table2232.csv,weight,1
Table2233.csv,age,0
Table2233.csv,weight,1
Table2234.csv,age,0
Table2235.csv,age,1
Table2236.csv,age,1
Table2237.csv,age,1
Table2238.csv,age,1
Table2239.csv,age,1
Table2240.csv,age,1
Table2241.csv,age,1
Table2242.csv,age,1
Table2243.csv,age,1
Table2244.csv,age,1
Table2245.csv,age,1
Table2246.csv,age,1
Table2247.csv,year,0
Table2248.csv,rank,0
Table2249.csv,rank,0
Table2250.csv,year,0
Table2251.csv,rank,0
Table2252.csv,age,0
Table2253.csv,rank,0
Table2254.csv,year,0
Table2254.csv,age,1
Table2255.csv,year,1
Table2256.csv,rank,0
Table2257.csv,age,0
Table2258.csv,year,1
Table2259.csv,rank,0
Table2260.csv,rank,0
Table2261.csv,year,0
Table2262.csv,depth,0
Table2263.csv,age,0
Table2264.csv,year,1
Table2265.csv,rank,0
Table2266.csv,age,0
Table2266.csv,weight,1
Table2267.csv,age,0
Table2267.csv,weight,1
Table2268.csv,age,0
Table2269.csv,age,0
Table2269.csv,weight,1
Table2270.csv,year,0
Table2271.csv,rank,0
Table2272.csv,rank,0
Table2273.csv,year,0
Table2274.csv,year,0
Table2275.csv,age,0
Table2276.csv,age,1
Table2277.csv,age,1
Table2278.csv,age,1
Table2279.csv,age,1
Table2280.csv,region,0
Table2281.csv,year,0
Table2282.csv,year,2
Table2283.csv,position,1
Table2284.csv,year,0
Table2285.csv,position,0
Table2286.csv,year,0
Table2287.csv,age,0
Table2288.csv,rank,1
Table2289.csv,rank,0
Table2290.csv,year,0
Table2291.csv,age,0
Table2292.csv,duration,1
Table2293.csv,position,0
Table2294.csv,rank,0
Table2295.csv,age,0
Table2296.csv,elevation,1
Table2297.csv,age,0
Table2297.csv,weight,1
Table2298.csv,age,0
Table2298.csv,weight,1
Table2299.csv,age,0
Table2299.csv,weight,1
Table2300.csv,age,0
Table2300.csv,weight,1
Table2301.csv,age,0
Table2301.csv,weight,1
Table2302.csv,age,0
Table2302.csv,rank,3
Table2303.csv,age,0
Table2304.csv,age,0
Table2305.csv,rank,0
Table2306.csv,region,0
Table2307.csv,position,1
Table2308.csv,position,1
Table2309.csv,rank,0
Table2310.csv,rank,0
Table2311.csv,year,0
Table2312.csv,year,0
Table2313.csv,age,0
Table2314.csv,rank,0
Table2315.csv,rank,0
Table2316.csv,year,0
Table2317.csv,age,1
Table2318.csv,age,1
Table2319.csv,age,1
Table2320.csv,age,0
Table2321.csv,age,0
Table2322.csv,rank,1
Table2323.csv,rank,0
Table2324.csv,year,1
Table2325.csv,sex,0
Table2326.csv,year,1
Table2327.csv,rank,0
Table2328.csv,position,0
Table2329.csv,rank,0
Table2330.csv,year,0
Table2331.csv,year,1
Table2332.csv,year,0
Table2333.csv,year,0
Table2334.csv,year,0
Table2335.csv,rank,0
Table2336.csv,age,0
Table2337.csv,age,1
Table2338.csv,age,1
Table2339.csv,rank,0
Table2340.csv,rank,0
Table2341.csv,year,0
Table2342.csv,rank,0
Table2343.csv,rank,1
Table2344.csv,rank,0
Table2345.csv,year,0
Table2346.csv,day,0
Table2347.csv,year,0
Table2348.csv,year,0
Table2348.csv,plays,2
Table2349.csv,year,0
Table2350.csv,code,0
Table2351.csv,age,0
Table2352.csv,family,0
Table2353.csv,age,1
Table2354.csv,age,1
Table2355.csv,age,1
Table2356.csv,position,1
Table2357.csv,rank,0
Table2358.csv,rank,0
Table2359.csv,rank,0
Table2360.csv,rank,0
Table2361.csv,year,0
Table2362.csv,rank,1
Table2363.csv,plays,0
Table2364.csv,year,1
Table2365.csv,year,1
Table2366.csv,age,0
Table2367.csv,rank,0
Table2368.csv,age,0
Table2369.csv,age,0
Table2370.csv,age,0
Table2371.csv,rank,0
Table2372.csv,rank,0
Table2373.csv,year,0
Table2374.csv,rank,1
Table2375.csv,age,0
Table2376.csv,year,0
Table2377.csv,year,0
Table2378.csv,code,0
Table2379.csv,year,0
Table2380.csv,rank,0
Table2381.csv,rank,0
Table2382.csv,rank,0
Table2383.csv,rank,0
Table2384.csv,elevation,1
Table2385.csv,rank,0
Table2386.csv,age,0
Table2387.csv,age,0
Table2387.csv,rank,3
Table2388.csv,age,0
Table2388.csv,rank,3
Table2389.csv,year,0
Table2390.csv,age,0
Table2391.csv,age,1
Table2392.csv,age,1
Table2393.csv,age,1
Table2394.csv,age,1
Table2395.csv,age,1
Table2396.csv,age,1
Table2397.csv,age,1
Table2398.csv,location,1
Table2399.csv,position,0
Table2400.csv,rank,1
Table2401.csv,year,0
Table2402.csv,year,1
Table2403.csv,rank,0
Table2404.csv,plays,0
Table2405.csv,rank,0
Table2406.csv,rank,0
Table2407.csv,year,0
Table2408.csv,age,1
Table2409.csv,rank,1
Table2410.csv,year,0
Table2411.csv,age,1
Table2412.csv,age,1
Table2413.csv,age,1
Table2414.csv,age,1
Table2415.csv,age,1
Table2416.csv,age,1
Table2417.csv,age,1
Table2418.csv,age,1
Table2419.csv,age,1
Table2420.csv,age,1
Table2421.csv,age,1
Table2422.csv,age,1
Table2423.csv,age,1
Table2424.csv,rank,1
Table2425.csv,rank,1
Table2426.csv,weight,0
Table2427.csv,rank,1
Table2428.csv,year,0
Table2429.csv,year,1
Table2430.csv,year,0
Table2431.csv,year,0
Table2432.csv,year,0
Table2433.csv,age,1
Table2434.csv,plays,0
Table2435.csv,rank,0
Table2435.csv,year,1
Table2436.csv,day,0
Table2437.csv,weight,1
Table2437.csv,age,2
Table2438.csv,rank,0
Table2439.csv,elevation,1
Table2440.csv,year,0
Table2441.csv,age,0
Table2441.csv,weight,1
Table2442.csv,age,0
Table2442.csv,weight,1
Table2443.csv,year,0
Table2444.csv,rank,0
Table2445.csv,rank,0
Table2446.csv,rank,0
Table2447.csv,year,0
Table2448.csv,age,0
Table2449.csv,age,0
Table2450.csv,plays,0
Table2451.csv,rank,0
Table2452.csv,rank,1
Table2453.csv,elevation,0
Table2453.csv,elevation.1,1
Table2453.csv,elevation.2,2
Table2453.csv,elevation.3,3
Table2454.csv,position,0
Table2455.csv,position,0
Table2456.csv,rank,0
Table2457.csv,year,0
Table2458.csv,rank,0
Table2459.csv,age,0
Table2459.csv,weight,1
Table2460.csv,age,0
Table2460.csv,weight,1
Table2461.csv,age,0
Table2461.csv,weight,1
Table2462.csv,age,0
Table2462.csv,weight,1
Table2463.csv,age,0
Table2463.csv,weight,1
Table2464.csv,age,0
Table2464.csv,weight,1
Table2465.csv,age,0
Table2465.csv,weight,1
Table2466.csv,age,0
Table2467.csv,age,0
Table2467.csv,rank,3
Table2468.csv,age,0
Table2468.csv,rank,3
Table2469.csv,age,1
Table2470.csv,rank,0
Table2471.csv,rank,0
Table2472.csv,year,2
Table2473.csv,year,0
Table2474.csv,age,0
Table2475.csv,age,0
Table2476.csv,age,0
Table2477.csv,day,0
Table2478.csv,year,0
Table2479.csv,year,0
Table2480.csv,year,0
Table2481.csv,rank,0
Table2482.csv,age,0
Table2482.csv,weight,1
Table2483.csv,age,0
Table2483.csv,weight,1
Table2484.csv,age,0
Table2484.csv,rank,3
Table2485.csv,rank,0
Table2486.csv,year,0
Table2487.csv,rank,0
Table2488.csv,rank,0
Table2489.csv,rank,1
Table2490.csv,rank,1
Table2491.csv,rank,0
Table2492.csv,position,1
Table2493.csv,duration,2
Table2494.csv,year,0
Table2495.csv,rank,0
Table2496.csv,rank,0
Table2497.csv,year,0
Table2498.csv,rank,0
Table2499.csv,age,1
Table2500.csv,rank,0
Table2501.csv,rank,0
Table2502.csv,year,0
Table2503.csv,rank,0
Table2504.csv,rank,1
Table2505.csv,year,3
Table2506.csv,year,3
Table2507.csv,year,3
Table2508.csv,year,3
Table2509.csv,year,3
Table2510.csv,year,0
Table2511.csv,age,0
Table2512.csv,age,0
Table2513.csv,age,0
Table2514.csv,age,0
Table2515.csv,age,0
Table2516.csv,position,0
Table2517.csv,age,0
Table2518.csv,year,0
Table2519.csv,age,1
Table2520.csv,rank,0
Table2521.csv,age,0
Table2522.csv,year,0
Table2523.csv,year,1
Table2524.csv,rank,0
Table2525.csv,year,0
Table2526.csv,age,0
Table2527.csv,age,0
Table2528.csv,year,1
Table2529.csv,year,0
Table2530.csv,age,1
Table2531.csv,year,1
Table2532.csv,age,0
Table2532.csv,weight,1
Table2533.csv,age,0
Table2534.csv,year,0
Table2535.csv,rank,1
Table2536.csv,age,1
Table2537.csv,age,1
Table2538.csv,age,1
Table2539.csv,region,0
Table2540.csv,rank,0
Table2541.csv,elevation,2
Table2542.csv,elevation,1
Table2543.csv,rank,0
Table2544.csv,year,1
Table2545.csv,year,1
Table2546.csv,rank,0
Table2547.csv,age,0
Table2548.csv,weight,1
Table2548.csv,rank,2
Table2549.csv,year,0
Table2549.csv,plays,2
Table2550.csv,plays,0
Table2551.csv,age,0
Table2552.csv,year,0
Table2553.csv,year,0
Table2554.csv,age,0
Table2554.csv,weight,1
Table2555.csv,age,0
Table2556.csv,age,0
Table2557.csv,age,0
Table2558.csv,age,0
Table2559.csv,year,0
Table2560.csv,age,0
Table2561.csv,rank,0
Table2562.csv,rank,0
Table2563.csv,rank,1
Table2564.csv,year,0
Table2565.csv,order,0
Table2566.csv,year,0
Table2567.csv,year,1
Table2568.csv,year,0
Table2569.csv,year,1
Table2570.csv,year,0
Table2571.csv,age,1
Table2572.csv,rank,0
Table2573.csv,position,0
Table2574.csv,age,0
Table2575.csv,code,0
Table2576.csv,plays,0
Table2577.csv,elevation,0
Table2578.csv,rank,0
Table2579.csv,rank,0
Table2580.csv,rank,0
Table2581.csv,age,0
Table2582.csv,age,0
Table2583.csv,age,1
Table2584.csv,age,1
Table2585.csv,age,1
Table2586.csv,age,1
Table2587.csv,position,0
Table2588.csv,position,1
Table2589.csv,rank,0
Table2590.csv,year,0
Table2591.csv,rank,0
Table2592.csv,rank,0
Table2593.csv,rank,0
Table2594.csv,year,0
Table2595.csv,age,0
Table2596.csv,age,0
Table2597.csv,age,0
Table2598.csv,rank,0
Table2599.csv,weight,0
Table2600.csv,year,0
Table2601.csv,area,0
Table2602.csv,year,1
Table2603.csv,year,0
Table2604.csv,age,0
Table2605.csv,rank,0
Table2606.csv,age,0
Table2607.csv,age,1
Table2608.csv,age,1
Table2609.csv,age,1
Table2610.csv,rank,0
Table2611.csv,rank,0
Table2612.csv,rank,0
Table2613.csv,rank,0
Table2614.csv,position,1
Table2615.csv,position,1
Table2616.csv,rank,0
Table2617.csv,rank,0
Table2618.csv,rank,0
Table2619.csv,year,0
Table2620.csv,year,0
Table2621.csv,year,0
Table2622.csv,area,0
Table2623.csv,rank,0
Table2624.csv,rank,0
Table2625.csv,rank,0
Table2626.csv,rank,0
Table2627.csv,year,0
Table2628.csv,age,0
Table2629.csv,year,0
Table2630.csv,rank,0
Table2631.csv,year,0
Table2632.csv,year,0
Table2633.csv,year,0
Table2634.csv,age,1
Table2635.csv,age,1
Table2636.csv,age,1
Table2637.csv,age,1
Table2638.csv,year,0
Table2639.csv,rank,0
Table2640.csv,year,3
Table2641.csv,rank,0
Table2642.csv,order,0
Table2643.csv,year,1
Table2644.csv,age,0
Table2645.csv,age,0
Table2646.csv,rank,0
Table2647.csv,rank,0
